ObjID,q,e,inc,node,argPeri,t_p_MJD_TDB,epochMJD_TDB,FORMAT
1997 RT5,40.243037707640035,0.02570883,12.7336892,163.75249874,18.62136958,104395.31292273,57388.00078916584,BCOM
1999 RB216,33.645832429571826,0.29236585,12.68793084,175.72386303,208.67885604,56776.39067755,57388.00078916584,BCOM
1999 RG215,43.09531807268823,0.07109221,0.24203434,292.38916861,114.15700339,71219.18380948,57388.00078916584,BCOM
1999 RK215,33.91150256829676,0.13894426,11.46171308,137.51867204,95.04110157,20383.21251697,57388.00078916584,BCOM
1999 RN215,39.99327263452845,0.07348575,12.41009409,140.65267938,102.5917587,17364.36146877,57388.00078916584,BCOM
2000 OL67,40.15012121254555,0.10949366,1.9825321,322.66383751,312.93876497,36501.43964221,57388.00078916584,BCOM
2000 QC226,41.77932221951293,0.05253503,2.66047055,99.72665855,206.02048521,43163.0548748,57388.00078916584,BCOM
2001 QE298,36.92340790764204,0.15532684,3.65798881,7.75574511,10.67596966,58937.26044189,57388.00078916584,BCOM
2001 QF298,35.0027206466574,0.11110883,22.35193671,164.1843418,42.19875387,18990.2712684,57388.00078916584,BCOM
2001 QF331,31.586711778202176,0.25253941,2.67256091,156.77752851,249.48396574,62208.01313686,57388.00078916584,BCOM
2001 QG298,31.768149422577995,0.19248706,6.48959422,162.53652179,209.97857776,55659.76002374,57388.00078916584,BCOM
2001 QH298,35.090108760170764,0.10894925,6.71172717,129.45192743,169.35338347,41090.20711674,57388.00078916584,BCOM
2001 QO297,41.36288016505223,0.03656399,1.1361109,143.31083023,316.5340097,82976.41976742,57388.00078916584,BCOM
2001 QP297,39.75333288207484,0.12055697,1.43081516,111.80984275,164.09123356,32778.76440349,57388.00078916584,BCOM
2001 QQ322,41.71298910812057,0.05176928,3.95830524,76.47808609,350.59114562,74960.60976555,57388.00078916584,BCOM
2001 QS322,42.31814126939941,0.03874614,0.24701538,348.45798067,359.02803395,51910.83907442,57388.00078916584,BCOM
2002 PA149,36.00056430717766,0.17412072,4.04951042,105.57693829,153.11756489,32647.02742506,57388.00078916584,BCOM
2002 PD149,40.3186954440567,0.0615158,4.90735576,103.55157347,38.78038263,96050.68562946,57388.00078916584,BCOM
2002 PG150,37.690403888548424,0.13622551,5.54182209,76.80711654,273.20804472,53276.40621902,57388.00078916584,BCOM
2003 QB91,31.61816487979339,0.19423887,6.49525962,136.78368066,80.63318662,21098.63407767,57388.00078916584,BCOM
2003 QM91,41.23611492456807,0.04377952,3.04314169,8.06421535,8.57058337,59363.7892937,57388.00078916584,BCOM
2003 QO91,39.32616133350404,0.13241578,7.11624789,141.0489235,185.74451581,50052.6045178,57388.00078916584,BCOM
2003 QQ91,35.99844904083529,0.07126309,5.40561453,58.25617574,45.93130925,76764.91090302,57388.00078916584,BCOM
2003 QT91,40.5187022009283,0.08256693,0.18945907,145.51240338,173.36419705,45658.26404847,57388.00078916584,BCOM
2003 QV90,41.47352351325288,0.05398742,2.408842,138.06696186,307.99113809,78700.1770472,57388.00078916584,BCOM
2003 QW90,40.428301923703025,0.07622892,10.35921999,17.76796571,87.23920551,81573.55345034,57388.00078916584,BCOM
2003 QX111,34.057964320101405,0.13352223,9.53134345,157.49537494,100.78289348,32309.58539116,57388.00078916584,BCOM
2003 QY111,41.72818783750537,0.03636626,2.94903979,95.91745504,219.05226163,41837.14133306,57388.00078916584,BCOM
2003 QZ111,40.39352441172535,0.0607554,2.65957895,326.04577434,16.62726969,53113.58565099,57388.00078916584,BCOM
2003 SQ317,39.243297138002035,0.0799589,28.56716822,176.30706938,192.92606625,56311.93922681,57388.00078916584,BCOM
2003 SS422,39.58693204950057,0.79201025,16.79666443,151.05968679,206.78838196,54393.45750849,57388.00078916584,BCOM
2003 UB313,38.09432719253244,0.43842779,43.99290474,35.97649734,151.22215578,145670.83961005,57388.00078916584,BCOM
2004 PA108,42.023221329220796,0.04037406,1.15664198,136.4327096,208.9572817,54090.29382759,57388.00078916584,BCOM
2004 PW107,37.96628666525713,0.13190508,2.82478855,198.17752926,184.90175733,61501.59306284,57388.00078916584,BCOM
2004 QE29,37.453548168502856,0.08388938,24.1208265,317.86256645,354.27650034,52009.03784607,57388.00078916584,BCOM
2004 TY364,36.31134092742445,0.06537406,24.83740424,140.49616008,358.30839936,80170.69118291,57388.00078916584,BCOM
2005 PQ21,37.62057883008147,0.39319967,6.4818817,316.33309543,22.15544019,54338.42640767,57388.00078916584,BCOM
2005 PU21,29.252080572770076,0.83243949,6.17510434,192.49303369,227.85853833,66378.91496789,57388.00078916584,BCOM
2005 QU182,36.89701085570596,0.67009049,14.02968792,78.40871501,223.99276843,41145.39105996,57388.00078916584,BCOM
2005 RN43,40.57568016614889,0.02250604,19.27181105,186.99155757,172.68717205,62695.14565891,57388.00078916584,BCOM
2005 SA278,33.062879668132034,0.64156956,16.27526236,170.35335739,277.08151075,65055.2714188,57388.00078916584,BCOM
2005 TB190,46.19977405856323,0.38936448,26.47961314,180.45161589,171.45372011,57717.5896132,57388.00078916584,BCOM
2006 QA181,38.86057568399921,0.0824232,4.82768446,159.03150927,272.58687885,71121.24410374,57388.00078916584,BCOM
2006 QB181,42.06247354216187,0.04059877,2.19415693,64.66368129,142.11320849,9000.94356224,57388.00078916584,BCOM
2006 QE181,41.408301724961355,0.02627327,2.11486368,103.72956731,247.49131166,51061.06324077,57388.00078916584,BCOM
2006 QF181,41.44115162267263,0.07526713,2.66415568,136.8263193,325.92962403,81891.90053269,57388.00078916584,BCOM
2006 QQ180,34.84666375444578,0.17477196,9.37736878,145.60557434,153.11531425,38163.37001158,57388.00078916584,BCOM
2006 SG415,33.96009298086612,0.29159009,31.37960944,186.95241975,183.07126921,59373.19961127,57388.00078916584,BCOM
2007 RW10,21.14779705846021,0.30054513,36.10094024,187.03727235,96.08616411,46184.23268384,57388.00078916584,BCOM
2007 TB418,33.80991868966015,0.40809947,6.54070705,94.6508542,42.11902682,86739.17576715,57388.00078916584,BCOM
2007 TZ417,36.07016122896989,0.13142376,22.2774871,72.54661331,30.06478772,71193.12892126,57388.00078916584,BCOM
2007 VK302,44.310456185071416,0.03214039,26.54382199,61.35561588,205.64943357,18105.85770835,57388.00078916584,BCOM
2008 SO266,29.84883421105063,0.24254605,18.797819,158.75409168,172.76706442,47941.50934883,57388.00078916584,BCOM
2008 UA332,36.91779007537065,0.5127867,30.74120505,109.01012851,226.54221632,44392.89215356,57388.00078916584,BCOM
2010 JJ210,37.02888084605194,0.24857097,7.16803523,215.92470808,101.57225706,50544.66576898,57388.00078916584,BCOM
2010 RD188,38.0466645055361,0.05845136,27.95428485,65.17522206,356.26326237,70834.84275314,57388.00078916584,BCOM
2010 RF188,32.97881530563771,0.29475513,13.84852353,178.30385398,332.75187295,95102.98869777,57388.00078916584,BCOM
2010 RF64,35.52728737484211,0.17378295,28.69057288,131.03305489,209.69977154,51272.05639733,57388.00078916584,BCOM
2010 RO64,41.166526810648364,0.12161305,17.04837145,60.85080357,312.75785741,56812.95497239,57388.00078916584,BCOM
2010 TJ,39.91637914261163,0.36495846,38.90087605,91.29897906,273.91904392,51888.31028517,57388.00078916584,BCOM
2010 TY53,21.077368739240352,0.45955142,22.45242293,111.3565614,3.1130989,67218.93488985,57388.00078916584,BCOM
2011 SO277,29.803397058898387,0.01184812,9.63855292,113.52483309,117.51487921,31641.59976688,57388.00078916584,BCOM
2011 SW281,42.2241703529758,0.09491153,4.6334515,111.08806496,302.64655039,68498.15181095,57388.00078916584,BCOM
2012 TC324,33.941288257946745,0.19702387,9.6309869,131.8320076,259.28988448,57397.03555306,57388.00078916584,BCOM
2012 TD324,33.92726604111805,0.13863209,9.57601248,114.61449306,190.98067168,44148.36370308,57388.00078916584,BCOM
2012 VR113,39.49366616259418,0.17197325,19.28382564,121.0315336,220.44347411,44498.68578206,57388.00078916584,BCOM
2012 VS113,38.03693854726589,0.30933231,26.78545973,171.60349087,220.13237583,55530.83302664,57388.00078916584,BCOM
2012 VU113,36.44895036040819,0.07700229,30.12484855,65.51322445,314.58713658,53820.30820714,57388.00078916584,BCOM
2012 VV113,40.75531489113581,0.11578406,15.66878613,116.03795152,294.77571972,60371.06741172,57388.00078916584,BCOM
2012 WD36,37.469906353659105,0.51036509,23.68324435,177.31609917,293.65617713,73112.83754503,57388.00078916584,BCOM
2012 WE37,35.94327603500369,0.24564958,25.68891763,59.86556229,331.10010212,56235.99671307,57388.00078916584,BCOM
2012 WF37,27.945877508022125,0.29032761,19.01345312,173.61985156,275.14324038,64097.32583188,57388.00078916584,BCOM
2012 WG37,32.17700528086766,0.34367962,14.3202443,106.99787339,41.15202136,81232.45345686,57388.00078916584,BCOM
2013 QO95,38.662908017649364,0.03263212,20.60295734,83.10832214,315.78849753,59142.53900838,57388.00078916584,BCOM
2013 QP95,33.756818211476535,0.16946167,25.44137142,71.39585134,18.81611088,69005.86119918,57388.00078916584,BCOM
2013 QR99,39.277856753552065,0.04246193,32.36972434,50.96761934,263.2357966,54056.16493488,57388.00078916584,BCOM
2013 QX103,37.16495581086613,0.26341109,32.48915599,50.49275809,232.08567214,53668.35578749,57388.00078916584,BCOM
2013 RA109,46.01116342467235,0.90059623,12.39967911,104.80029371,262.91319964,54265.39997219,57388.00078916584,BCOM
2013 RA156,28.384824897571477,0.08340081,13.07883559,35.92421162,160.79166927,88573.56137617,57388.00078916584,BCOM
2013 RA157,33.13942751682188,0.39372149,37.62948947,178.83103461,201.53280223,56172.50567865,57388.00078916584,BCOM
2013 RA158,38.152494162273356,0.16736959,18.98990868,179.39736668,129.41923122,43835.22539174,57388.00078916584,BCOM
2013 RB109,35.86412367405543,0.10793801,23.15164855,175.85659761,223.91311171,64467.49033346,57388.00078916584,BCOM
2013 RB156,34.463590423131144,0.11336248,38.96287204,45.12974487,5.76648368,81632.2555651,57388.00078916584,BCOM
2013 RB157,30.537487074628977,0.22790872,8.70941049,76.98325507,213.41856384,43470.58452925,57388.00078916584,BCOM
2013 RB158,36.88652024046016,0.20571223,20.35997796,2.32057411,357.57688625,56779.16556869,57388.00078916584,BCOM
2013 RB98,31.363250923633775,0.25685769,21.93922683,147.02820679,350.45517474,77615.03603609,57388.00078916584,BCOM
2013 RC109,28.41353772992549,0.27917408,43.51455814,32.81636831,318.81462664,53024.63527624,57388.00078916584,BCOM
2013 RC156,37.433357156697674,0.78324523,34.99972097,349.16760137,319.72561723,60302.91703604,57388.00078916584,BCOM
2013 RC157,29.39439031845125,0.251001,12.81870037,139.42284415,249.96041421,59325.37640736,57388.00078916584,BCOM
2013 RC158,28.336678309542286,0.05721526,7.44983004,81.55608494,86.13975895,81141.9094716,57388.00078916584,BCOM
2013 RD109,29.75460057614916,0.08108492,11.11941924,16.69189473,332.70544905,54433.80751552,57388.00078916584,BCOM
2013 RD124,38.78029352185034,0.09592899,15.43393273,221.25179155,54.02044483,45939.12985679,57388.00078916584,BCOM
2013 RD156,43.26572192353504,0.07561588,29.16933513,305.6705613,322.78565483,39249.24333762,57388.00078916584,BCOM
2013 RD157,33.90622820014512,0.09927659,12.1589567,151.07833736,161.33419609,47601.3686033,57388.00078916584,BCOM
2013 RD158,35.766447977383,0.6320473,32.68604433,41.12995357,23.96197019,65756.68208858,57388.00078916584,BCOM
2013 RD98,30.266213514744724,0.23282574,19.54609883,144.86190914,104.92053381,25751.99367511,57388.00078916584,BCOM
2013 RE109,37.02102646981155,0.1518338,5.41706907,112.86611698,165.32835997,35220.29322722,57388.00078916584,BCOM
2013 RE124,40.00382307423864,0.66901434,31.67468658,175.66085185,160.02099274,53655.56636931,57388.00078916584,BCOM
2013 RE156,38.88286576645074,0.0411907,13.41705432,259.15092359,43.65336001,51400.48278011,57388.00078916584,BCOM
2013 RE157,39.70068772728735,0.13517263,35.63697211,179.24808605,129.85269955,36049.5695307,57388.00078916584,BCOM
2013 RE158,28.965895147657832,0.39680679,28.28293614,173.91441199,84.26514121,46324.93113556,57388.00078916584,BCOM
2013 RF109,40.08781570276672,0.06474761,9.71520907,144.85613998,243.62371953,63854.63350427,57388.00078916584,BCOM
2013 RF124,41.779663945376434,0.03788546,4.12602867,44.30233694,174.17850507,15390.50677754,57388.00078916584,BCOM
2013 RF156,29.217278864492712,0.25825625,6.59581252,249.35998022,307.26931159,25000.32449928,57388.00078916584,BCOM
2013 RF157,36.30188272040946,0.42039218,20.45101623,101.68095571,297.62616591,58455.68128068,57388.00078916584,BCOM
2013 RF158,37.456024166773226,0.20878296,16.55375358,321.40041717,359.44207395,51899.54225169,57388.00078916584,BCOM
2013 RG109,34.783348327695066,0.09035946,22.72216042,22.68406355,59.73481674,71366.49385623,57388.00078916584,BCOM
2013 RG124,38.95420226348416,0.5715467,43.52301885,35.58936395,287.56325772,56309.9107627,57388.00078916584,BCOM
2013 RG156,32.51298781987891,0.1734846,5.3720006,205.57197211,331.1156881,14859.24298303,57388.00078916584,BCOM
2013 RG157,35.39056294092115,0.14522197,14.41096983,180.95976892,75.40942184,26916.84374482,57388.00078916584,BCOM
2013 RG158,38.02330987803326,0.36453475,28.52304579,181.16027547,176.7982852,58938.76678339,57388.00078916584,BCOM
2013 RH109,33.73065310137623,0.07274372,14.82192558,204.39075003,288.07713693,92722.22256354,57388.00078916584,BCOM
2013 RH124,40.44617315741498,0.0872985,35.79288403,180.03833319,3.36910048,104052.54427329,57388.00078916584,BCOM
2013 RH156,37.15034462016174,0.05662512,9.00633996,185.90050415,119.53324302,44872.49206722,57388.00078916584,BCOM
2013 RH157,37.0711112733415,0.03989971,5.42670853,96.42693568,141.56711855,23454.85121987,57388.00078916584,BCOM
2013 RJ109,37.61003873409678,0.13171214,20.29949468,182.474097,253.60466427,77869.73724818,57388.00078916584,BCOM
2013 RJ124,41.21462370470616,0.06052648,4.045144,111.11083075,155.91005001,26059.09183436,57388.00078916584,BCOM
2013 RJ157,31.777524577983996,0.42842384,9.99693035,44.18916592,241.00138757,39085.55461275,57388.00078916584,BCOM
2013 RJ158,33.159903615900326,0.6317118,17.15312364,192.4763033,86.9090072,49071.28363066,57388.00078916584,BCOM
2013 RK109,34.27580233208899,0.61696798,12.84859804,176.75892657,162.36187833,51361.73256183,57388.00078916584,BCOM
2013 RK124,32.20081049308463,0.18562162,7.05687716,92.47377289,208.57632805,42129.17100359,57388.00078916584,BCOM
2013 RK157,35.99986031262427,0.47833397,28.81724983,185.83489479,260.25843608,70420.43804069,57388.00078916584,BCOM
2013 RK158,39.01102199945605,0.12539824,34.32228764,3.23912917,314.80796983,61689.25384257,57388.00078916584,BCOM
2013 RL109,32.08432613383151,0.20160372,14.18565196,193.59503546,69.5482381,43253.79767417,57388.00078916584,BCOM
2013 RL157,38.80317325358496,0.29489924,20.86650807,33.85746765,320.83671074,51471.36065232,57388.00078916584,BCOM
2013 RL158,37.848419511878205,0.06179741,14.59537659,268.64254453,104.63774225,66970.7335201,57388.00078916584,BCOM
2013 RM109,39.532505181259445,0.22227784,14.28529131,261.01871044,128.38924513,71919.26007023,57388.00078916584,BCOM
2013 RM124,35.27102023049421,0.59813336,13.86305546,187.27151725,181.29966557,58717.26807077,57388.00078916584,BCOM
2013 RM157,36.852415806216904,0.34961699,14.16572249,176.54824988,120.76654063,36013.40734053,57388.00078916584,BCOM
2013 RM158,39.108580720121495,0.10330136,18.25558959,181.28897374,126.32237552,50832.73264291,57388.00078916584,BCOM
2013 RM98,37.6428454253593,0.13116821,28.08558887,352.4382056,252.64293716,29212.05405347,57388.00078916584,BCOM
2013 RN109,35.91627878799424,0.15568784,32.30613358,20.93673167,17.92050153,63286.23026086,57388.00078916584,BCOM
2013 RN124,38.20526778448536,0.15730542,15.17692354,184.369972,77.99348916,33883.64694598,57388.00078916584,BCOM
2013 RN158,30.398523215116274,0.34366076,14.38965201,202.60612284,86.48108706,51274.00840819,57388.00078916584,BCOM
2013 RO109,42.48516683508822,0.03510892,1.52365985,52.0958886,328.05222781,61895.39537822,57388.00078916584,BCOM
2013 RO124,35.69546818578929,0.07878829,24.57404125,181.4730524,293.71606052,82568.70675879,57388.00078916584,BCOM
2013 RO156,41.44949110000022,0.03365351,1.35623451,262.52461534,111.73444424,61339.95838509,57388.00078916584,BCOM
2013 RO157,31.977046777339652,0.55783912,12.22665684,134.38002083,247.38603584,55844.58459832,57388.00078916584,BCOM
2013 RO158,37.47878606767973,0.07148217,18.20599914,188.98493145,155.19745387,56023.89707071,57388.00078916584,BCOM
2013 RP109,40.07546283069711,0.10353014,2.35059373,105.55226077,269.40362431,59234.9035975,57388.00078916584,BCOM
2013 RP124,36.85992114109714,0.19174341,32.22928677,28.65509684,346.43451788,56475.46072127,57388.00078916584,BCOM
2013 RP156,34.468071053061074,0.11554562,31.47618574,357.63565783,228.81404239,25784.44618123,57388.00078916584,BCOM
2013 RP157,37.12533534369729,0.12494091,8.80250466,121.20389188,279.23589132,60877.85787677,57388.00078916584,BCOM
2013 RP158,41.69542999016147,0.05761617,0.2339614,236.25376368,77.61712941,45877.261147,57388.00078916584,BCOM
2013 RP98,37.28175949850619,0.1317337,13.28843966,216.32074985,177.80805756,71717.53259748,57388.00078916584,BCOM
2013 RQ109,30.900149449312636,0.15118696,14.53811093,70.51660866,335.90518529,61063.68861583,57388.00078916584,BCOM
2013 RQ124,38.81642538377015,0.16961577,21.61937729,179.90695602,61.68671338,31747.99462807,57388.00078916584,BCOM
2013 RQ155,35.208722682680076,0.31278783,38.51262403,49.90408935,318.10673401,70912.61788121,57388.00078916584,BCOM
2013 RQ156,34.59266181179636,0.1238484,12.32966308,189.3383448,0.22143521,15233.77408068,57388.00078916584,BCOM
2013 RQ157,33.69108995026116,0.07264636,15.5286671,263.71790183,156.64214389,76665.37639964,57388.00078916584,BCOM
2013 RQ158,42.073367014906985,0.07329431,8.25869156,148.41568847,264.68393814,71320.7822234,57388.00078916584,BCOM
2013 RQ98,31.503043656751338,0.43496904,37.69020117,11.21732152,245.11522554,51115.63480186,57388.00078916584,BCOM
2013 RR109,45.08364574732856,0.05855571,4.23756581,225.78663625,100.38259772,49978.15836461,57388.00078916584,BCOM
2013 RR124,38.962889429920494,0.06461949,45.32691537,101.09185268,221.23079612,47002.99424141,57388.00078916584,BCOM
2013 RR155,38.010064497294074,0.38880741,34.1639245,3.91981914,223.48340686,40494.02775153,57388.00078916584,BCOM
2013 RR156,49.28890891049548,0.21384961,29.49781065,0.16406577,332.68351871,46937.93788623,57388.00078916584,BCOM
2013 RR157,36.607027907993235,0.04511639,32.12991731,174.6758445,178.52406469,61266.48911229,57388.00078916584,BCOM
2013 RR98,35.88615176913921,0.28526889,37.7609822,62.26501575,233.50042751,49392.86394254,57388.00078916584,BCOM
2013 RS109,39.399132517855655,0.11829353,4.84684142,353.50163134,306.40127585,42211.69527748,57388.00078916584,BCOM
2013 RS124,34.763073044902036,0.24983233,15.27618767,140.00042714,259.17585108,61188.53951413,57388.00078916584,BCOM
2013 RS155,37.04406369221782,0.26568711,34.08545187,45.6689422,331.93372936,75271.40935044,57388.00078916584,BCOM
2013 RS156,37.21231291989639,0.38661657,14.30664752,177.98861353,147.27036135,49425.7465744,57388.00078916584,BCOM
2013 RS157,37.73731564049517,0.1736623,10.7774898,271.9742213,145.71638846,77029.40150495,57388.00078916584,BCOM
2013 RT124,36.34846869755141,0.44259658,18.28969351,49.55198057,308.64659389,54426.26198654,57388.00078916584,BCOM
2013 RT128,35.970235364682054,0.10796064,24.16894566,32.71517257,213.50485782,28068.05487328,57388.00078916584,BCOM
2013 RT155,35.733404561213405,0.65326576,26.0412632,172.28695883,222.13441087,72311.11152654,57388.00078916584,BCOM
2013 RT156,36.310287347103575,0.33820318,22.94566127,168.82207872,306.13760002,88253.36133985,57388.00078916584,BCOM
2013 RT157,39.42289155320001,0.06320425,12.62777899,194.2710577,357.68032704,17117.99331721,57388.00078916584,BCOM
2013 RT158,40.78525073286668,0.07901693,1.05067236,130.6783742,51.672154,111150.1978875,57388.00078916584,BCOM
2013 RU124,36.15713019532753,0.25058247,31.65010818,188.2358882,292.79535352,74975.91545414,57388.00078916584,BCOM
2013 RU128,35.708369048134124,0.41656362,25.25587551,176.15598986,112.25404046,49289.06276519,57388.00078916584,BCOM
2013 RU155,40.321406793960925,0.08299445,1.79728958,287.2073315,48.51275907,52407.02847729,57388.00078916584,BCOM
2013 RU156,35.35290188168689,0.37547012,11.58362657,37.37441598,345.41689384,60666.94965221,57388.00078916584,BCOM
2013 RU157,35.357792953782415,0.18270166,33.04988785,173.71361825,320.03334095,86231.94692585,57388.00078916584,BCOM
2013 RV124,39.952411660290366,0.10660171,43.25502629,51.78671003,184.16524775,31562.39401382,57388.00078916584,BCOM
2013 RV155,38.55986244790176,0.06050475,28.28485897,1.48997351,37.82271476,65886.74539319,57388.00078916584,BCOM
2013 RV156,40.074967795629554,0.08222214,5.71758049,78.95440352,299.03937072,57448.87274692,57388.00078916584,BCOM
2013 RV157,33.77396507891042,0.50441345,11.56311021,185.99444226,115.93731095,47777.55752029,57388.00078916584,BCOM
2013 RW124,34.07389798987399,0.06715323,4.80790888,92.54719628,253.5304278,50742.21244466,57388.00078916584,BCOM
2013 RW155,32.72682732479957,0.10247004,6.54936406,26.61179014,197.68841795,27083.29533949,57388.00078916584,BCOM
2013 RW156,37.2786219902515,0.08494173,15.7874485,208.41209253,224.0752524,83047.26916389,57388.00078916584,BCOM
2013 RW157,34.79753528982576,0.25540668,13.62002437,182.50799424,122.16676159,45965.5476203,57388.00078916584,BCOM
2013 RX108,42.60786195024768,0.05931702,4.87064005,71.75191104,31.76361258,81976.08184271,57388.00078916584,BCOM
2013 RX124,29.88393974172427,0.24402106,29.47599045,20.53976495,232.50029918,50172.73266261,57388.00078916584,BCOM
2013 RX155,34.55963107191275,0.26129312,27.94917975,174.74645328,126.02964373,44732.13449976,57388.00078916584,BCOM
2013 RX156,36.31792375220581,0.19109916,31.19624995,171.04777795,165.85795766,59261.8231432,57388.00078916584,BCOM
2013 RX157,39.58528634425546,0.04063744,12.80657303,19.37779786,88.50320327,84638.27711558,57388.00078916584,BCOM
2013 RY108,24.545012212137593,0.46133797,10.75972309,93.26681752,5.16151258,68667.2049238,57388.00078916584,BCOM
2013 RY155,36.1830886402047,0.19567819,10.90025362,19.69556184,225.4325865,28506.81633183,57388.00078916584,BCOM
2013 RY156,35.301962156239654,0.28403292,14.87411481,194.33342562,56.80642513,40733.99795157,57388.00078916584,BCOM
2013 RY157,38.98371968876158,0.10649438,2.32994769,158.89720447,292.33290466,79385.7108705,57388.00078916584,BCOM
2013 RZ108,30.321789676621293,0.45232164,13.03172842,65.59710896,333.54352478,58484.69269734,57388.00078916584,BCOM
2013 RZ155,36.262106575771305,0.10643354,28.88281071,186.23467199,357.42400579,101091.10500129,57388.00078916584,BCOM
2013 RZ156,38.58989229957334,0.06046545,26.4487869,36.36670288,248.19299031,35961.78959306,57388.00078916584,BCOM
2013 SA100,38.60619575427101,0.1660726,8.47794424,27.81330927,114.0682623,93476.88492859,57388.00078916584,BCOM
2013 SA112,39.813309433298805,0.07924555,11.7459248,8.78123621,359.94924838,57613.14929573,57388.00078916584,BCOM
2013 SA113,38.69838502866591,0.0409174,20.55769759,359.33703875,157.23139012,96872.19893442,57388.00078916584,BCOM
2013 SB112,35.18051816591522,0.0816883,33.32174183,14.53990157,44.55256575,67742.2480937,57388.00078916584,BCOM
2013 SB113,41.43655851881963,0.09176095,3.01783372,182.27013896,230.17013321,69444.25267793,57388.00078916584,BCOM
2013 SC112,39.165901211255324,0.12458285,9.48017108,23.56932179,47.58979956,72121.68475109,57388.00078916584,BCOM
2013 SC113,35.54856790605406,0.18527575,2.49379747,167.55476258,214.00553551,60490.0165714,57388.00078916584,BCOM
2013 SD106,37.53272647261336,0.15021401,21.88537769,4.89248757,173.63473519,107596.79315334,57388.00078916584,BCOM
2013 SD112,32.32690671793214,0.07144126,5.39865133,60.55101024,244.60277268,44692.33628834,57388.00078916584,BCOM
2013 SD113,39.64098050225299,0.13669545,19.58641392,25.55872765,356.66814937,61426.75095781,57388.00078916584,BCOM
2013 SE106,41.2746708479119,0.03558127,0.2018192,359.36565277,291.39375838,37500.43814189,57388.00078916584,BCOM
2013 SE112,36.792510864600544,0.13023629,6.45874244,329.90052002,346.13636629,47580.25892315,57388.00078916584,BCOM
2013 SE113,33.009590904228446,0.24409993,31.27675809,18.23116625,339.39839362,55843.44373016,57388.00078916584,BCOM
2013 SF106,43.51917584642113,0.42452144,39.84609459,54.35369915,257.80198124,53947.54658098,57388.00078916584,BCOM
2013 SF112,43.24555257223522,0.01292208,3.75751102,256.97512627,326.92942978,20025.9468836,57388.00078916584,BCOM
2013 SF113,38.30586199759063,0.0263585,37.67452661,46.94871169,51.45078678,90387.23960934,57388.00078916584,BCOM
2013 SG102,42.75055029428922,0.00739986,7.98604113,200.56515044,201.49072846,72059.6540603,57388.00078916584,BCOM
2013 SG106,37.70696224922291,0.38789797,20.5101234,186.88599443,167.24317963,55881.71787296,57388.00078916584,BCOM
2013 SG112,36.98519106456656,0.15575,4.13212821,42.78380188,283.96559635,49626.95379215,57388.00078916584,BCOM
2013 SG113,38.26454598079395,0.17909431,8.03988361,336.05453928,301.54997779,37363.3400413,57388.00078916584,BCOM
2013 SH102,35.89668354614846,0.05288595,19.38210985,180.22738028,83.06719964,34469.53124054,57388.00078916584,BCOM
2013 SH106,37.511575046161205,0.21665396,15.45315765,149.66259773,195.08251597,50950.74990353,57388.00078916584,BCOM
2013 SH112,41.484647520056065,0.09374421,1.7767093,119.1133042,165.22090296,35801.38326449,57388.00078916584,BCOM
2013 SH113,41.695409112416534,0.08050985,1.18651409,109.13443602,249.54029485,54145.63237021,57388.00078916584,BCOM
2013 SJ102,31.55611011864981,0.27652572,7.34558075,93.72110947,315.53300073,64047.23167976,57388.00078916584,BCOM
2013 SJ106,42.98116277859712,0.03364384,2.83915742,129.46550616,179.32370053,41950.28172382,57388.00078916584,BCOM
2013 SJ112,43.473544215937146,0.00620689,3.84210876,95.8352549,22.09477469,89539.29832503,57388.00078916584,BCOM
2013 SK102,35.487296837770714,0.18394664,7.41831521,66.34299031,151.52277888,17651.71873374,57388.00078916584,BCOM
2013 SK106,43.59005761836742,0.02329658,1.1636625,49.15662959,320.19103543,56851.29330206,57388.00078916584,BCOM
2013 SK112,40.668410009145326,0.07816977,1.9275997,116.68799891,122.44106097,20549.3564805,57388.00078916584,BCOM
2013 SL100,41.186476900310005,0.05948203,3.42089123,128.80168658,262.46392384,61422.86675584,57388.00078916584,BCOM
2013 SL102,38.128117649726306,0.87872156,6.50488761,94.73207264,265.48205929,55320.76263275,57388.00078916584,BCOM
2013 SL112,31.78004285201572,0.08764756,2.09053696,106.05252445,339.19113497,70687.92126216,57388.00078916584,BCOM
2013 SM102,38.90825645825264,0.25571269,11.40734824,154.01510492,226.96856035,59140.92496385,57388.00078916584,BCOM
2013 SM106,37.53438960075912,0.17149528,16.89965968,21.23041464,336.27862998,53186.65948279,57388.00078916584,BCOM
2013 SM112,41.00587087283207,0.07220507,2.71538874,97.5711445,77.65360305,105664.27301563,57388.00078916584,BCOM
2013 SN102,38.00671649965894,0.43869236,4.45459328,114.14716819,247.35865174,55912.80433745,57388.00078916584,BCOM
2013 SN106,41.652039825779894,0.04518666,6.48572183,202.72866281,280.98254253,96171.25282159,57388.00078916584,BCOM
2013 SN112,41.35534724765323,0.04307442,12.72173928,77.70849854,250.39376639,39960.60946118,57388.00078916584,BCOM
2013 SO102,30.70891589386477,0.219608,9.85156109,145.22601531,257.86729175,59849.12929406,57388.00078916584,BCOM
2013 SO112,34.67534112283931,0.31535495,24.49681576,177.17477349,63.84041696,32618.50205323,57388.00078916584,BCOM
2013 SP102,33.33595926973253,0.15298854,11.59985245,146.68722972,75.54855334,16787.88398645,57388.00078916584,BCOM
2013 SP112,40.3757012367994,0.21857988,38.6681899,180.23218131,125.39539588,44852.42218684,57388.00078916584,BCOM
2013 SQ102,35.164020749106975,0.61641661,29.54838505,14.30627513,357.67082001,71420.77379307,57388.00078916584,BCOM
2013 SQ112,38.19401823809187,0.1053799,22.47065647,180.90482927,151.08085096,52501.52163963,57388.00078916584,BCOM
2013 SQ99,40.04847567313447,0.09290491,3.46757093,51.99791601,175.36933453,15921.7249113,57388.00078916584,BCOM
2013 SR102,32.59199400807788,0.38362123,29.92055869,41.44394186,9.71226681,80512.74348127,57388.00078916584,BCOM
2013 SR112,44.62741421816589,0.03521344,24.06876363,178.84139744,100.73059222,35147.39138951,57388.00078916584,BCOM
2013 SS102,37.95781052548717,0.19666949,26.37803593,21.52761263,19.65904429,65256.71159806,57388.00078916584,BCOM
2013 SS112,37.088877276588256,0.0733801,14.74266516,185.45915157,254.76197797,78517.42891262,57388.00078916584,BCOM
2013 ST112,41.62482390404601,0.04495974,4.5169541,323.35778952,26.26976037,54228.59218309,57388.00078916584,BCOM
2013 SU112,31.209691802940192,0.20547401,2.39359246,235.33174403,2.15763737,32043.63973221,57388.00078916584,BCOM
2013 SV112,36.98380530687778,0.15767846,32.37219985,181.02415163,153.06349271,51512.40212096,57388.00078916584,BCOM
2013 SW112,39.79847962474237,0.09154715,0.6871973,297.50982746,346.04229941,36680.53971762,57388.00078916584,BCOM
2013 SX112,38.69679605543164,0.27029703,1.99881136,198.83028302,129.65590616,49310.59761887,57388.00078916584,BCOM
2013 SY111,37.21869812809052,0.31422651,45.10771667,8.89551722,22.17599099,74387.1941789,57388.00078916584,BCOM
2013 SY112,26.15983192172781,0.31424863,13.47390791,343.73025856,256.66990301,37806.82159962,57388.00078916584,BCOM
2013 SZ111,36.35410473870336,0.12331376,25.93241126,357.19341943,330.22334034,49254.01266031,57388.00078916584,BCOM
2013 SZ112,41.41952503205847,0.03535825,1.26574615,354.31352882,82.84646595,78126.26397054,57388.00078916584,BCOM
2013 SZ99,37.617028596231776,0.0172275,19.83915925,183.09329406,54.0155547,24473.25795007,57388.00078916584,BCOM
2013 TA172,32.18211461915406,0.18372644,14.54728149,173.64306711,237.42684119,64294.67812112,57388.00078916584,BCOM
2013 TA188,28.338909228752428,0.28043025,10.36548562,129.48760179,285.48131055,60931.17285203,57388.00078916584,BCOM
2013 TA228,38.155881568414244,0.17219342,11.22361358,82.15255129,354.43948596,69391.39680744,57388.00078916584,BCOM
2013 TA229,36.40791104796872,0.12243928,23.55666563,176.20700349,257.28267343,71340.00207095,57388.00078916584,BCOM
2013 TB172,34.6147568494858,0.19563022,11.62480399,35.21523007,327.59554156,55228.7349948,57388.00078916584,BCOM
2013 TB187,16.367268692067302,0.78705767,50.79467424,81.99445229,25.04106298,66754.95401239,57388.00078916584,BCOM
2013 TB188,33.16991095899621,0.16023777,14.93633963,91.57773224,310.79999258,59077.4643354,57388.00078916584,BCOM
2013 TB228,29.673202327679565,0.46641326,20.59916128,65.55382135,292.0356274,53417.52215648,57388.00078916584,BCOM
2013 TB229,42.66103590640139,0.01966429,3.65314027,127.99982189,57.3426472,106314.47949371,57388.00078916584,BCOM
2013 TC187,40.92925504877428,0.06270318,1.03791106,71.88335617,293.78931371,56137.8238646,57388.00078916584,BCOM
2013 TC188,38.94775833919271,0.11974088,11.27365629,114.57619465,280.00602683,59443.67253938,57388.00078916584,BCOM
2013 TC228,38.280208085905876,0.13486128,19.63810981,167.06726455,293.00802968,81318.14154056,57388.00078916584,BCOM
2013 TC229,37.221050732427024,0.21814646,8.18047393,169.94131146,240.6912274,65314.0108843,57388.00078916584,BCOM
2013 TD172,35.61190236753908,0.16236499,11.00345077,6.03876626,85.3955176,75014.91628333,57388.00078916584,BCOM
2013 TD187,38.34348004945771,0.37684155,5.46667495,156.35211111,181.23817701,50753.12505275,57388.00078916584,BCOM
2013 TD188,40.16078529388035,0.08274473,4.58730786,35.06476014,161.34649037,7240.16472834,57388.00078916584,BCOM
2013 TD228,32.5171088412958,0.31662625,15.09149701,87.58505668,305.74097851,59150.33547614,57388.00078916584,BCOM
2013 TD229,39.821208367083834,0.08917484,3.71601689,101.52080181,184.98421589,34946.49084011,57388.00078916584,BCOM
2013 TE172,35.68721317148264,0.26046574,29.84096847,50.81383841,325.67584813,55615.04251971,57388.00078916584,BCOM
2013 TE187,40.82225478338388,0.08149188,2.49019674,88.38600255,45.43792741,90794.74901362,57388.00078916584,BCOM
2013 TE188,30.352737664567186,0.23085009,9.36991508,109.67245495,292.70598166,59457.59444163,57388.00078916584,BCOM
2013 TE228,32.56590937133193,0.17136041,9.87381829,97.64447019,82.20053336,99756.40019423,57388.00078916584,BCOM
2013 TE229,31.35940053837152,0.20379395,3.96341364,129.38584095,214.60883879,52468.62441724,57388.00078916584,BCOM
2013 TF172,42.663873947127456,0.02494956,2.89352778,126.99451668,314.06162116,78726.18790624,57388.00078916584,BCOM
2013 TF187,35.93295591762142,0.1763496,2.38171141,80.71309241,250.13153867,49089.72794793,57388.00078916584,BCOM
2013 TF188,37.18585123970665,0.18521404,10.85808357,171.7598346,260.86280019,71707.38084334,57388.00078916584,BCOM
2013 TF228,36.665908286682274,0.09783295,21.61493237,148.21624416,338.70198807,77546.18982076,57388.00078916584,BCOM
2013 TF229,32.96410585912566,0.16327449,14.62691029,29.45539689,206.11054691,24631.98270131,57388.00078916584,BCOM
2013 TG172,32.579298834260506,0.31963013,4.80114516,14.47204549,339.44321361,54493.99050665,57388.00078916584,BCOM
2013 TG187,35.48842962832475,0.25241755,5.95343722,157.67207153,152.12744981,45531.02079499,57388.00078916584,BCOM
2013 TG228,39.852252372344104,0.1631729,18.58217303,125.26337598,292.29128739,62858.80137608,57388.00078916584,BCOM
2013 TG229,42.77463661085591,0.03821801,3.90042626,112.71434708,33.3110242,94692.20674575,57388.00078916584,BCOM
2013 TH172,31.408220113533773,0.25765462,11.55437925,42.65632171,287.88951613,49866.22233765,57388.00078916584,BCOM
2013 TH187,41.72401753385766,0.05547971,2.83427613,89.28231472,254.88162682,48932.93879391,57388.00078916584,BCOM
2013 TH228,35.86987746491927,0.25046256,11.92729502,118.49952895,308.80871585,64555.24288262,57388.00078916584,BCOM
2013 TH229,41.158899149318515,0.03817463,4.14087533,118.61410333,18.55617194,90384.81480572,57388.00078916584,BCOM
2013 TJ159,36.245505224712154,0.31728436,4.80644155,165.16846806,174.22926406,52128.29377071,57388.00078916584,BCOM
2013 TJ172,36.94527615456508,0.28859694,27.37868186,176.52262004,248.21634325,65213.94045025,57388.00078916584,BCOM
2013 TJ187,38.46271161672488,0.10091257,10.71376193,38.08893988,224.22623815,31377.27745142,57388.00078916584,BCOM
2013 TJ228,39.2440998419738,0.13323767,1.91647243,313.6261921,357.6104239,46264.29687605,57388.00078916584,BCOM
2013 TJ229,36.84375533132664,0.35009291,37.11948572,187.76108961,199.06032253,58740.84767634,57388.00078916584,BCOM
2013 TK172,36.97611566489508,0.2041617,12.5917668,71.97793098,246.94844755,44046.3049744,57388.00078916584,BCOM
2013 TK187,41.14980685192344,0.05757206,6.62956761,56.87488748,298.40677075,51427.8101398,57388.00078916584,BCOM
2013 TK227,27.628242940743164,0.08179032,18.60703582,78.05050559,192.40741988,39288.92298999,57388.00078916584,BCOM
2013 TK228,32.85188576021404,0.31219015,1.86291437,354.07214543,272.35572463,37224.21003388,57388.00078916584,BCOM
2013 TL172,41.117130115718155,0.06094514,1.79112038,95.09321671,76.47149438,105710.25738149,57388.00078916584,BCOM
2013 TL187,31.349590082787596,0.20242451,18.84695748,25.08134777,348.29311501,57148.77543501,57388.00078916584,BCOM
2013 TL227,37.53411747440356,0.0672051,22.88282446,95.49644998,313.79643439,60156.64197722,57388.00078916584,BCOM
2013 TL228,35.75201282987207,0.25079805,8.72971835,357.58770141,276.86750895,37047.15408655,57388.00078916584,BCOM
2013 TM159,38.665078612395206,0.16790801,9.54268033,107.95894871,294.33467019,60465.15463291,57388.00078916584,BCOM
2013 TM172,36.429540220176115,0.47714486,12.60835944,14.86644641,352.32515322,57492.07898956,57388.00078916584,BCOM
2013 TM187,31.269694486115196,0.141479,12.00979365,52.24246318,303.8489407,53394.61797777,57388.00078916584,BCOM
2013 TM227,31.583840195920224,0.19627954,6.84335664,180.07915398,204.31644954,59378.78186202,57388.00078916584,BCOM
2013 TM228,39.94807032645791,0.06574982,1.15186365,171.55006916,176.3558448,54257.92376739,57388.00078916584,BCOM
2013 TM229,40.67621839345076,0.06164398,4.22036205,98.71475281,77.02967291,103326.71067156,57388.00078916584,BCOM
2013 TN187,33.19813126940294,0.37413954,9.98526806,109.97820204,276.30635426,56295.2422863,57388.00078916584,BCOM
2013 TN227,42.610152921488044,0.01885738,5.29001514,63.29682944,166.29784842,15308.76327477,57388.00078916584,BCOM
2013 TN228,33.2524945481029,0.62477666,19.28946245,174.97566562,225.52468693,63748.77003507,57388.00078916584,BCOM
2013 TN229,35.02429985454934,0.22796326,17.72903215,155.54948228,150.82896706,43655.15992947,57388.00078916584,BCOM
2013 TO187,31.84077802667178,0.18930534,9.16321282,82.36284393,333.77185374,62253.89384147,57388.00078916584,BCOM
2013 TO227,39.09990593818445,0.0895161,5.04184607,97.67642869,128.26752589,15453.59565726,57388.00078916584,BCOM
2013 TO228,41.96687244611275,0.04743926,3.30020843,20.07108794,185.86605228,9815.07801979,57388.00078916584,BCOM
2013 TO229,42.07585520503268,0.03991132,1.04730112,96.62189924,81.18992263,106859.48907496,57388.00078916584,BCOM
2013 TP187,38.17529170344175,0.52046323,31.18289609,191.55188868,176.18469392,52427.21111458,57388.00078916584,BCOM
2013 TP227,39.01089409527741,0.09581904,13.7536695,62.38872078,318.81377578,57941.67241492,57388.00078916584,BCOM
2013 TP228,42.896615407000745,0.0492289,3.34319642,159.42351067,73.5889839,18663.82972323,57388.00078916584,BCOM
2013 TP229,36.48988897043237,0.14325316,23.20189052,167.43537457,247.72671484,66958.60044794,57388.00078916584,BCOM
2013 TQ187,39.464849983270724,0.09356235,10.01436797,117.10905692,281.72843097,60047.45806728,57388.00078916584,BCOM
2013 TQ227,38.02498749778198,0.13615258,10.31020506,98.66307002,223.3200342,42338.66524162,57388.00078916584,BCOM
2013 TQ228,35.65225136402607,0.15766104,5.48190631,16.1568376,277.46553537,41446.88359303,57388.00078916584,BCOM
2013 TQ229,33.02035014373126,0.16271817,5.57773991,30.68687693,257.06011172,41338.9842922,57388.00078916584,BCOM
2013 TR187,36.78007138217121,0.39700033,14.18987647,76.79279772,334.77296404,63346.99443492,57388.00078916584,BCOM
2013 TR227,33.0410860249167,0.16647121,21.46764274,182.41985203,109.39620595,36749.63216764,57388.00078916584,BCOM
2013 TR228,41.10476649307888,0.09354599,2.3074532,151.85341312,257.4774955,68392.39911771,57388.00078916584,BCOM
2013 TS187,31.427154768344707,0.09864333,4.59996905,127.90030915,195.38091969,49812.44710011,57388.00078916584,BCOM
2013 TS227,22.67672846849821,0.3249385,24.3226364,180.67576546,328.3855597,73722.25156017,57388.00078916584,BCOM
2013 TS228,41.844014682114185,0.03568781,1.5467009,113.98947701,231.11284102,50761.19306332,57388.00078916584,BCOM
2013 TS229,41.010550578466926,0.0718174,1.16947325,91.87795197,11.8018314,83243.34892269,57388.00078916584,BCOM
2013 TT187,38.99506060323694,0.11458074,19.25627489,170.58659597,183.40642325,49179.15593343,57388.00078916584,BCOM
2013 TT227,37.747662045613225,0.11218181,5.90954093,10.93000986,24.11655925,62821.3004618,57388.00078916584,BCOM
2013 TT228,40.936271118702585,0.06759601,1.43666326,109.13622931,301.47373626,69077.31101686,57388.00078916584,BCOM
2013 TU187,32.97476276947962,0.16056432,14.88473857,84.37561125,290.78576233,55024.4376514,57388.00078916584,BCOM
2013 TU227,36.09564422263469,0.16842398,20.6340534,172.28216048,235.9855162,64380.30214112,57388.00078916584,BCOM
2013 TU228,42.324936333731905,0.0693859,2.81793292,154.05885359,27.79246918,111235.10267572,57388.00078916584,BCOM
2013 TV158,36.47073975660531,0.67208156,31.14310927,181.07483345,232.09327419,59777.18086741,57388.00078916584,BCOM
2013 TV187,37.443762157634275,0.05494944,6.13622894,148.89985536,39.93914778,101477.89524222,57388.00078916584,BCOM
2013 TV227,32.19076981000203,0.1837924,6.91776811,109.08332068,326.50873544,68506.32060819,57388.00078916584,BCOM
2013 TV228,40.94938894638599,0.03653999,2.47532244,88.23516457,190.34650565,34403.08374006,57388.00078916584,BCOM
2013 TW187,40.54141106812956,0.05957716,0.37484142,51.77683419,276.54274974,46415.48511737,57388.00078916584,BCOM
2013 TW227,37.936603623250996,0.5727313,25.21036015,33.61368704,14.0143797,63496.30551527,57388.00078916584,BCOM
2013 TW228,41.22453018869502,0.05159201,3.21390063,108.97689937,293.91973235,67488.40192523,57388.00078916584,BCOM
2013 TX171,36.430340986671006,0.27663821,19.58883259,167.37188466,203.62671303,57058.48012131,57388.00078916584,BCOM
2013 TX187,40.756578116675804,0.05014841,0.48119248,45.36843903,254.86991665,41052.49919465,57388.00078916584,BCOM
2013 TX227,33.347149355106325,0.51857175,36.58026463,178.3468558,171.14832175,52524.04191772,57388.00078916584,BCOM
2013 TX228,42.02753211065125,0.03082738,3.33969843,105.05879321,125.07885881,19413.80722455,57388.00078916584,BCOM
2013 TY171,29.82407850421506,0.24303951,24.95462014,58.80725969,247.62418192,44663.04151247,57388.00078916584,BCOM
2013 TY187,40.682293084325615,0.0645183,11.13436265,93.07727394,354.69044461,75938.38428536,57388.00078916584,BCOM
2013 TY227,27.217192997775854,0.24569736,36.52341419,32.41069927,233.63570518,38999.71713438,57388.00078916584,BCOM
2013 TY228,38.765068567517616,0.14056962,4.7756275,84.98570632,121.29105661,10720.36293715,57388.00078916584,BCOM
2013 TZ171,36.65177334769625,0.19211443,15.8862018,163.65844645,241.30981771,59842.37961504,57388.00078916584,BCOM
2013 TZ187,28.046237848858567,0.06910293,13.15719981,155.56910906,358.87640288,77226.07308013,57388.00078916584,BCOM
2013 TZ227,40.702696134484256,0.06079828,8.54408233,112.93867882,39.08494662,98126.762933,57388.00078916584,BCOM
2013 TZ228,42.10192637040238,0.04081629,3.94369982,66.68984256,98.73148576,103013.57872223,57388.00078916584,BCOM
2013 UE31,37.64961425851515,0.2040657,38.80683546,342.98454222,282.58053217,49661.34787401,57388.00078916584,BCOM
2013 UF31,31.659086716534386,0.19801405,32.05269659,178.0443221,177.03921093,51719.03028138,57388.00078916584,BCOM
2013 UK15,38.49976667636311,0.19721575,11.69863721,119.48558205,33.98854985,100714.10669193,57388.00078916584,BCOM
2013 UL49,42.15603402704564,0.03226857,12.91674555,192.36945823,43.09999616,21960.85661797,57388.00078916584,BCOM
2013 UM17,39.14488624704947,0.07843375,12.98946906,185.55052403,112.64660962,37322.65068026,57388.00078916584,BCOM
2013 UQ15,37.93397434494212,0.11304802,27.34342072,189.13143026,15.85257683,8781.49933212,57388.00078916584,BCOM
2013 UT22,33.295260135478806,0.21240606,29.34137043,194.23796769,138.46240138,43990.99232628,57388.00078916584,BCOM
2013 VA72,36.95360791612684,0.1112602,15.04049713,159.07205135,200.69657818,51011.74497931,57388.00078916584,BCOM
2013 VB72,35.78206598534842,0.45068524,18.0004872,56.49209004,275.90969473,46308.09084961,57388.00078916584,BCOM
2013 VC72,29.49337173981392,0.25213062,13.33252866,103.46604973,332.59869438,63793.1149304,57388.00078916584,BCOM
2013 VD72,34.30853139311269,0.28436018,22.14473899,154.12860048,192.33537682,49436.33961271,57388.00078916584,BCOM
2013 VE72,31.220635367585974,0.2835865,13.53504942,123.13271103,199.12835137,47687.14332074,57388.00078916584,BCOM
2013 VF72,35.4710571623672,0.09882975,26.61540484,188.54441237,63.16198757,23503.61346708,57388.00078916584,BCOM
2013 VH72,38.72273732754496,0.14793426,9.68287805,103.51102301,235.17829788,47160.60943663,57388.00078916584,BCOM
2013 VJ72,36.86783360602829,0.15802858,7.01444736,79.27721436,330.18683635,64066.55460176,57388.00078916584,BCOM
2013 VK46,28.95913871584246,0.30377803,13.56999671,149.47501025,178.47632829,50857.13604488,57388.00078916584,BCOM
2013 VL46,41.09992481112939,0.09930547,6.67972143,96.43162382,44.673986,95620.05258441,57388.00078916584,BCOM
2013 VM46,31.594893645764667,0.43115547,8.59242546,175.11404725,198.15596844,57320.63383305,57388.00078916584,BCOM
2013 VN46,29.912070189215832,0.24074067,7.74615865,112.92902529,241.91125295,52368.87761619,57388.00078916584,BCOM
2013 VN71,40.27018033869626,0.08923712,5.53933256,131.71119484,3.67108615,90320.75235454,57388.00078916584,BCOM
2013 VO46,33.92076885297282,0.29121775,11.73169456,117.08785566,313.04189877,63598.38398626,57388.00078916584,BCOM
2013 VO71,37.426314247547275,0.15009665,15.78935559,26.44862998,148.7336022,103176.80754626,57388.00078916584,BCOM
2013 VP46,34.95717035433043,0.26730564,13.43934806,104.62616141,252.58200583,49217.17067192,57388.00078916584,BCOM
2013 VP71,34.91692955749571,0.11141151,5.71831586,130.93663751,103.45474737,23241.70284795,57388.00078916584,BCOM
2013 VQ25,35.51943854840367,0.42303172,28.5944797,153.68745975,215.00604283,54969.33837982,57388.00078916584,BCOM
2013 VQ71,36.619807671307285,0.07225502,9.31770301,121.33964903,166.74835816,32775.72040281,57388.00078916584,BCOM
2013 VR46,33.52461039446846,0.15045973,13.80232047,87.42465729,225.6373815,41772.90140456,57388.00078916584,BCOM
2013 VR71,31.330692944727478,0.20470483,16.20132688,75.1236243,273.47152481,49526.62020807,57388.00078916584,BCOM
2013 VS46,37.02491462653011,0.63020324,20.21239314,69.34080294,265.83509983,46507.76870527,57388.00078916584,BCOM
2013 VS71,31.111512321936292,0.21391598,13.62636514,111.82842787,278.39098518,55391.23393589,57388.00078916584,BCOM
2013 VT71,28.15849779705452,0.28488785,11.18923881,128.68271772,330.90959176,65914.81813237,57388.00078916584,BCOM
2013 VU71,34.237258670961666,0.65950339,13.88672355,141.05158367,281.64642884,62063.73063821,57388.00078916584,BCOM
2013 VV71,38.08854008631059,0.05977427,16.64561412,103.74731046,58.55374506,88142.94497151,57388.00078916584,BCOM
2013 VW71,43.644465584919466,0.01125735,1.59494521,63.16731736,311.67395661,60183.76115566,57388.00078916584,BCOM
2013 VX71,40.34656880704113,0.08318266,2.97408776,30.28004935,320.80458375,52409.84076266,57388.00078916584,BCOM
2013 VY71,33.3307987277533,0.1542686,10.61008139,63.7610649,326.80196401,60179.76270514,57388.00078916584,BCOM
2013 VZ31,38.42505015608327,0.11727761,2.67370587,74.85673086,138.84659708,16110.80073622,57388.00078916584,BCOM
2013 VZ71,37.6707632028739,0.28154585,28.12423348,174.43930879,212.17943245,58825.87716966,57388.00078916584,BCOM
2013 WA139,37.34483708349401,0.14109065,2.31096048,69.86899691,49.57860907,86182.25530233,57388.00078916584,BCOM
2013 WB139,41.99627310366885,0.02140531,3.18932846,132.81707988,298.77919755,75373.62973255,57388.00078916584,BCOM
2013 WC139,40.62920500766462,0.09701798,4.37592711,63.86216699,339.90867626,67052.93265887,57388.00078916584,BCOM
2013 WG114,41.3221827313766,0.06414814,1.47077043,70.03179391,273.74889931,51884.80968758,57388.00078916584,BCOM
2013 WH123,40.655498580000625,0.12106991,9.32806545,130.1813034,181.0773326,41803.55413325,57388.00078916584,BCOM
2013 WJ123,30.56600885818971,0.22608505,9.18536748,85.142893,276.8402379,52814.56799191,57388.00078916584,BCOM
2013 WK123,30.537051924983267,0.4489656,15.06811834,170.09798291,187.48182817,50071.8203557,57388.00078916584,BCOM
2013 XL40,35.88569567292809,0.59936426,14.47424996,108.67509915,274.04970078,54326.82389338,57388.00078916584,BCOM
2013 XM40,37.38146614513181,0.10638348,47.03372435,77.80959676,222.08863278,44717.68557174,57388.00078916584,BCOM
2013 XU33,36.654430324572765,0.09714152,22.90295989,54.94087017,26.92931142,69697.03775496,57388.00078916584,BCOM
2013 YD169,35.2075719874451,0.17628796,28.92076653,50.44942276,258.71135304,40584.44583068,57388.00078916584,BCOM
2014 LQ28,39.436685273375545,0.09596518,1.29640245,223.51373657,158.37081303,63965.7678327,57388.00078916584,BCOM
2014 NB66,42.05275131114474,0.07889829,4.912669,299.92635673,194.10404585,101116.3621152,57388.00078916584,BCOM
2014 OB394,35.019299508758024,0.24877718,20.73004056,8.09911894,10.36767581,60907.40802995,57388.00078916584,BCOM
2014 OD394,40.13316319814818,0.09539417,11.24806664,130.19828261,82.58296933,11826.65202077,57388.00078916584,BCOM
2014 OM394,40.61401105059687,0.07684791,2.36306206,43.19727742,170.56603305,15624.63352077,57388.00078916584,BCOM
2014 OQ394,34.719543450836376,0.43966816,29.48897974,186.62073683,157.83562354,52861.07912834,57388.00078916584,BCOM
2014 OR394,33.666720991164205,0.76133625,13.04855134,1.76577088,14.33125229,59626.50312381,57388.00078916584,BCOM
2014 PM82,36.33005753964292,0.34429898,23.67751078,358.4065871,315.02073127,47245.4337083,57388.00078916584,BCOM
2014 QA442,35.25141465195395,0.18259415,27.41266723,109.40758407,281.87252694,62592.06347172,57388.00078916584,BCOM
2014 QB442,36.630461552339234,0.44773659,7.29145449,75.29308023,269.32575207,49546.8847622,57388.00078916584,BCOM
2014 QC442,34.49675316613631,0.50066124,18.98994016,46.67367919,45.02930761,70771.45436418,57388.00078916584,BCOM
2014 QE442,39.54688309415086,0.04169891,26.35078029,77.78261089,256.33847244,41490.45466182,57388.00078916584,BCOM
2014 QF442,36.401051108290716,0.20698466,30.50668068,52.91618622,246.45921938,52802.97115081,57388.00078916584,BCOM
2014 QF562,35.694905648460015,0.15551149,18.52754497,183.9521034,203.81605194,54206.41649352,57388.00078916584,BCOM
2014 QG442,34.10856395652372,0.36471419,30.45503527,95.89783001,241.98810911,45864.15126097,57388.00078916584,BCOM
2014 QG562,40.158973343613766,0.15643562,15.64723537,155.05267081,198.51308673,47438.53267394,57388.00078916584,BCOM
2014 QH562,35.2644291773757,0.07180258,31.45762722,44.08857603,306.50892197,63307.7687737,57388.00078916584,BCOM
2014 QH563,31.967658480415885,0.13401109,13.16583753,91.46575112,262.06637745,53284.60873989,57388.00078916584,BCOM
2014 QJ562,36.141911171251415,0.04783543,26.70875593,34.6889815,212.88909905,42296.47460926,57388.00078916584,BCOM
2014 QK562,37.50031633810761,0.18666281,39.98735807,97.13465554,204.37533969,52166.71227257,57388.00078916584,BCOM
2014 QL441,36.03019182982743,0.2605699,26.28062247,75.81345283,290.40148774,52868.1143172,57388.00078916584,BCOM
2014 QL562,38.00565701499758,0.15395284,16.94235756,172.40002922,272.89859345,77877.22559231,57388.00078916584,BCOM
2014 QM562,36.891822485366106,0.15195365,5.17216154,25.60847359,319.98086499,53896.44942914,57388.00078916584,BCOM
2014 QN441,33.134186707953965,0.28224125,20.69128858,144.61140282,243.08764646,56240.77590157,57388.00078916584,BCOM
2014 QO441,26.929393257030597,0.10538241,18.83131852,107.00258451,115.00268637,29241.26295411,57388.00078916584,BCOM
2014 QP562,36.45839365119406,0.52385585,24.30782041,86.05262286,247.7687828,53041.96125546,57388.00078916584,BCOM
2014 QQ562,33.69817829032982,0.48263656,25.70300445,66.82833609,292.8962621,57825.47415495,57388.00078916584,BCOM
2014 QR441,42.62260766460311,0.37236608,42.22740275,77.93318251,282.66637897,60324.47228707,57388.00078916584,BCOM
2014 QR562,39.91886511490044,0.57474604,28.28158604,148.23699092,219.49626329,55503.74168365,57388.00078916584,BCOM
2014 QS441,43.08538757824855,0.08340891,37.88510655,185.92692342,267.62090968,74036.91956943,57388.00078916584,BCOM
2014 QS510,32.86180411894356,0.52689412,13.50331553,131.64574348,300.4954477,63374.43876309,57388.00078916584,BCOM
2014 QS562,40.35219251148524,0.68487772,24.93766274,77.25987061,337.80356299,65475.6363126,57388.00078916584,BCOM
2014 QT495,30.05702410036023,0.47386398,44.67437564,103.79077467,258.71080173,56216.02806844,57388.00078916584,BCOM
2014 QT510,30.67611064591733,0.22348349,28.73183632,1.24679565,250.69334788,49747.40571421,57388.00078916584,BCOM
2014 QT562,38.266902093847506,0.05729987,22.30411765,128.72372603,305.07836223,70065.13401896,57388.00078916584,BCOM
2014 QU441,36.89992247995072,0.10562428,19.34131873,113.16028402,296.67805631,61512.57929799,57388.00078916584,BCOM
2014 QU495,32.05600340201844,0.26355743,21.2898153,177.5986285,170.18514899,50429.69738404,57388.00078916584,BCOM
2014 QU510,38.776225269847444,0.05177366,42.12681224,86.25171187,119.7619328,16165.48865202,57388.00078916584,BCOM
2014 QU562,33.12652385713534,0.2423836,26.03113748,69.45195275,332.74726185,61198.88954641,57388.00078916584,BCOM
2014 QV495,36.21564768051147,0.54487425,23.38909471,69.19755862,276.95809428,52748.80856816,57388.00078916584,BCOM
2014 QV510,36.713033736855365,0.15148329,31.50330486,47.83253618,324.42128087,67604.5842175,57388.00078916584,BCOM
2014 QV562,34.66060795184843,0.17277983,26.37213588,152.1159993,243.58432467,59250.07445095,57388.00078916584,BCOM
2014 QW495,33.72490094569613,0.74696541,28.50449849,75.935712,208.87714479,53480.17291052,57388.00078916584,BCOM
2014 QW510,25.97550356748691,0.87343925,26.12520563,148.50290419,298.53795956,64481.3367305,57388.00078916584,BCOM
2014 QW562,37.3814911174031,0.23962058,19.91318135,119.45141953,232.28928144,50999.50422777,57388.00078916584,BCOM
2014 QX510,39.02695283844636,0.14409009,6.46247879,67.98962007,269.78085085,52052.77663334,57388.00078916584,BCOM
2014 QX562,36.32738607332279,0.1345474,26.03547593,149.27202513,298.88325764,71410.9950808,57388.00078916584,BCOM
2014 QY510,35.493911054015726,0.1711637,22.71120849,107.65146063,245.05824684,51874.50215761,57388.00078916584,BCOM
2014 QY562,38.586964623480476,0.15464067,27.12998718,159.45536995,99.15609925,21027.57636933,57388.00078916584,BCOM
2014 QZ510,29.951850762335052,0.23925666,23.73699016,71.82012732,263.47219303,50566.44915187,57388.00078916584,BCOM
2014 QZ562,35.81895612966859,0.13351475,27.71408821,32.44962267,186.34325193,35076.06197415,57388.00078916584,BCOM
2014 RH70,33.571139610271786,0.12274723,27.60557869,8.00664915,244.75529033,47430.23204852,57388.00078916584,BCOM
2014 RJ70,38.01829439055343,0.18885824,26.47784085,30.88507326,274.87731752,57337.56433465,57388.00078916584,BCOM
2014 RK86,22.045047530231788,0.94321566,26.38189891,8.20096211,223.30717869,50365.9910442,57388.00078916584,BCOM
2014 RL74,37.05601225931345,0.20780752,30.27737708,150.16496328,10.02461296,90357.00203998,57388.00078916584,BCOM
2014 RL86,37.86409286448043,0.69346233,28.85548244,23.72691376,332.04595,66993.72104868,57388.00078916584,BCOM
2014 RM74,43.349885209373554,0.35352479,32.47191696,149.4736854,284.9198993,63633.62146055,57388.00078916584,BCOM
2014 RM86,35.30079910185324,0.17919428,19.13530204,117.24717759,307.95137708,62649.29799614,57388.00078916584,BCOM
2014 RN74,28.011758326810337,0.28760515,24.36078079,115.28393897,317.73782685,62802.94610843,57388.00078916584,BCOM
2014 RO74,28.50171625743391,0.05118056,29.5370185,152.43682838,114.19599475,36827.16901807,57388.00078916584,BCOM
2014 RO86,36.89490811018882,0.12177665,28.89141856,32.6866567,227.33382444,46522.16794179,57388.00078916584,BCOM
2014 RP86,35.09199778807282,0.50622452,24.80475561,33.47720217,219.04061591,46548.36069975,57388.00078916584,BCOM
2014 RQ86,38.10992234000799,0.01309997,31.16936289,67.22986413,47.31617753,96955.88481126,57388.00078916584,BCOM
2014 RR86,35.20912402437805,0.07959309,35.44132147,10.14966418,181.65299495,30706.73492958,57388.00078916584,BCOM
2014 RS86,36.894524137666295,0.21847486,25.23073056,62.09519489,171.65220234,39686.5397836,57388.00078916584,BCOM
2014 RT86,35.57814265381092,0.24201466,30.79475134,95.08341346,317.58120232,63499.57840654,57388.00078916584,BCOM
2014 RU86,30.823159386970687,0.21957199,30.21260906,138.0949518,127.72594034,32366.37088465,57388.00078916584,BCOM
2014 RV86,39.25687046864361,0.672675,28.49656648,129.60938524,263.43792132,58126.58892523,57388.00078916584,BCOM
2014 RW86,31.34910721636477,0.20185092,23.28844989,127.04875292,243.30687044,53370.74590978,57388.00078916584,BCOM
2014 RX86,37.49029052998852,0.17175254,26.58892024,154.60919968,248.17701545,58509.79777993,57388.00078916584,BCOM
2014 RY86,34.79713639420657,0.18547865,28.1625023,14.32437208,246.39977681,49242.63281774,57388.00078916584,BCOM
2014 SA374,38.517230620493535,0.12156554,35.78235164,72.30555521,200.236601,31680.45062446,57388.00078916584,BCOM
2014 SA404,36.203485977908606,0.24842764,20.58148695,125.59336626,212.03255416,45999.22472415,57388.00078916584,BCOM
2014 SB374,36.56702636904882,0.17265856,40.7529987,100.91998658,1.7042145,72711.70405579,57388.00078916584,BCOM
2014 SB404,35.28088338997561,0.10518723,21.84385412,135.1028504,200.55548896,45605.92354429,57388.00078916584,BCOM
2014 SC374,27.100527278943073,0.09914303,33.72890731,176.26117576,45.00723456,27982.12610122,57388.00078916584,BCOM
2014 SC404,29.79105564468085,0.24368111,26.69290038,158.09391288,276.67999626,63549.098196,57388.00078916584,BCOM
2014 SD403,37.05096504212321,0.66476894,26.38652338,9.08243136,305.14866507,59521.72816853,57388.00078916584,BCOM
2014 SD404,29.227505218979086,0.19732006,22.92233579,96.7204089,250.97183551,50949.5044474,57388.00078916584,BCOM
2014 SE404,44.5622152451431,0.40462493,41.49108568,335.95777992,325.83384769,57927.4782612,57388.00078916584,BCOM
2014 SF404,35.240743736588165,0.14783985,29.03866435,109.60942514,265.93876632,57200.35618163,57388.00078916584,BCOM
2014 SG404,38.988167872796865,0.5017817,31.61244788,66.73378679,321.23589295,60221.09854947,57388.00078916584,BCOM
2014 SH404,37.59008525054273,0.44400348,27.74563226,122.57791087,323.7315363,71274.18873122,57388.00078916584,BCOM
2014 SJ404,30.063060498395807,0.23191211,23.54340397,102.2554916,309.74215489,61128.28544734,57388.00078916584,BCOM
2014 SK404,36.60393003255579,0.41445776,26.16250629,128.14371229,243.13415422,54170.90905792,57388.00078916584,BCOM
2014 SL403,37.322027252826295,0.14413456,35.38908798,61.15433806,194.53381363,38324.92811879,57388.00078916584,BCOM
2014 SL404,38.73000802365009,0.07171201,25.97985265,97.48464493,141.45819948,21919.09830087,57388.00078916584,BCOM
2014 SM363,36.79980475204139,0.12210522,23.22833371,124.5510683,130.75584699,30039.05895248,57388.00078916584,BCOM
2014 SM373,38.15453431455703,0.16232553,25.41872246,106.14413561,252.7400905,52444.08384749,57388.00078916584,BCOM
2014 SN350,34.734122273390604,0.18892049,32.05830626,171.6810322,258.56847475,64449.38621023,57388.00078916584,BCOM
2014 SN363,36.27465477269004,0.19120772,27.13170646,59.92415901,267.41237445,48382.19736672,57388.00078916584,BCOM
2014 SN373,37.484187552876335,0.63834957,32.47175909,115.57793083,349.90299573,70581.21671929,57388.00078916584,BCOM
2014 SN403,39.10616336982891,0.69816479,31.19709833,140.35103411,208.90889511,44436.27494281,57388.00078916584,BCOM
2014 SO350,34.60095032473803,0.54352804,24.04236006,140.99697056,244.16479927,56351.56048735,57388.00078916584,BCOM
2014 SO363,37.723919611636276,0.09613596,23.14696035,119.69006505,309.87070724,70058.40554873,57388.00078916584,BCOM
2014 SO373,36.48945894986017,0.12747128,25.98647637,132.98977785,203.2312991,49434.87566003,57388.00078916584,BCOM
2014 SP363,42.73136127110336,0.31526793,31.22804792,145.44830502,267.85393397,66309.3329665,57388.00078916584,BCOM
2014 SP373,26.73585954768406,0.32305383,24.45552249,158.84385744,311.97289585,69581.25694266,57388.00078916584,BCOM
2014 SQ350,38.42100911901667,0.10824233,29.8170199,66.3774155,214.63534194,28449.14289161,57388.00078916584,BCOM
2014 SQ373,38.760842294085805,0.15849993,29.90931916,131.18784428,339.51123863,72838.14109926,57388.00078916584,BCOM
2014 SQ403,46.53624702133921,0.66573681,44.04427869,180.321588,190.77700664,46234.67626392,57388.00078916584,BCOM
2014 SR350,36.95155527414458,0.63517468,28.76649968,35.12152894,220.03624827,44453.18791289,57388.00078916584,BCOM
2014 SR373,38.52417530655004,0.38345951,35.58336238,165.74606513,214.46924455,50971.61582098,57388.00078916584,BCOM
2014 SR403,32.13788397892676,0.42130064,27.45887212,53.38422222,17.73309231,88350.96224076,57388.00078916584,BCOM
2014 SR404,39.301755255474625,0.14882733,31.18105152,10.8433528,26.58726732,79789.21085128,57388.00078916584,BCOM
2014 SS373,37.61784552950305,0.34751487,29.96397311,76.06889067,343.77135036,68017.29944181,57388.00078916584,BCOM
2014 SS403,39.13596963656023,0.13670212,25.72594903,18.76520555,289.48708413,57635.28233717,57388.00078916584,BCOM
2014 ST373,50.16855441463603,0.52191738,43.14911758,130.38064216,297.2282622,65872.88731973,57388.00078916584,BCOM
2014 ST403,40.61066192221314,0.15301721,30.00185119,64.35520673,253.9177667,59476.00865676,57388.00078916584,BCOM
2014 SU373,33.28891228595282,0.39771473,28.14884667,106.1865386,317.9374947,66372.55502317,57388.00078916584,BCOM
2014 SU403,48.28798182380643,0.1639626,44.44303886,177.84629135,247.29498225,58223.88101345,57388.00078916584,BCOM
2014 SV373,37.01372171297428,0.33179485,10.72476225,108.17646509,214.43830961,40120.69531309,57388.00078916584,BCOM
2014 SV403,38.88596254412786,0.15700876,29.36454112,355.31550675,30.02552526,77967.07347252,57388.00078916584,BCOM
2014 SW373,36.0881091299003,0.35164,20.85249558,76.59301952,332.88368419,62723.88401232,57388.00078916584,BCOM
2014 SW403,34.790671693160256,0.18280955,34.91693563,43.62681538,324.03855954,60026.10262482,57388.00078916584,BCOM
2014 SX373,35.88617761769936,0.1635672,32.86492284,140.81267027,251.28253316,54575.79783001,57388.00078916584,BCOM
2014 SX403,35.52067698869403,0.90470046,42.93373573,149.21707448,174.71420391,49258.76845803,57388.00078916584,BCOM
2014 SY373,36.33999215208975,0.06730227,25.48448251,48.51399753,349.45508131,77436.20619501,57388.00078916584,BCOM
2014 SY403,36.15489830645791,0.30488503,28.79140447,118.81766882,176.71034505,42559.95423506,57388.00078916584,BCOM
2014 SZ373,36.70499470323193,0.6719331,29.60367804,148.34791709,240.05676453,58984.01353221,57388.00078916584,BCOM
2014 SZ403,37.392548753487326,0.1258402,29.9086978,52.30371026,315.43477468,56609.83235205,57388.00078916584,BCOM
2014 TA115,37.794299797994086,0.10709345,6.91170778,84.55919072,248.47766783,45253.44172202,57388.00078916584,BCOM
2014 TA116,37.785673508661745,0.16528725,26.74356313,155.5716576,251.37437862,59230.63490831,57388.00078916584,BCOM
2014 TB116,36.008933329722225,0.54591873,27.66046168,91.5383788,325.89001242,62444.21992539,57388.00078916584,BCOM
2014 TB86,37.50177050212856,0.17681367,19.11315408,50.23624933,330.53952681,58574.4329148,57388.00078916584,BCOM
2014 TC115,38.29228275643561,0.3010872,10.17948654,85.43886475,227.23340098,39743.41862066,57388.00078916584,BCOM
2014 TD115,36.29830867669397,0.20920263,13.98321642,51.97226455,258.42703534,44867.51941901,57388.00078916584,BCOM
2014 TD116,37.12571123015764,0.20055868,9.25218122,150.68204247,159.17567917,42463.30455727,57388.00078916584,BCOM
2014 TE115,43.325981429748204,0.04275372,7.9527544,114.16407376,256.44629956,55313.39411495,57388.00078916584,BCOM
2014 TE86,37.496765885089935,0.15439699,28.7241441,161.74808884,170.94099549,43299.9011646,57388.00078916584,BCOM
2014 TF115,34.20142705032058,0.13184832,9.64976333,150.16097251,99.3067126,28595.38011015,57388.00078916584,BCOM
2014 TF116,32.18783337508659,0.23311187,3.64047654,135.72076664,134.22354194,34178.27246218,57388.00078916584,BCOM
2014 TF86,37.26054991957922,0.07822494,32.04797004,65.08386028,106.24150416,19917.69115527,57388.00078916584,BCOM
2014 TG115,40.26491805248335,0.1091221,10.90119573,147.61572596,355.25232876,92000.61604539,57388.00078916584,BCOM
2014 TH115,33.18840627604798,0.15679782,8.07469118,172.44968719,222.2166502,59969.28216192,57388.00078916584,BCOM
2014 TJ115,34.678809683730314,0.04929187,20.20306737,49.29117537,320.1736778,54243.2695828,57388.00078916584,BCOM
2014 TK115,30.291511019850653,0.23037743,11.98364246,178.80314802,161.57484843,51242.76598988,57388.00078916584,BCOM
2014 TL115,35.38773157325907,0.25511106,28.61234887,40.52392613,273.38078423,41904.81750308,57388.00078916584,BCOM
2014 TL95,35.362640870925475,0.1881103,10.59485916,100.92027614,307.04577626,61405.23495084,57388.00078916584,BCOM
2014 TM95,29.67690468503668,0.1866646,17.55766787,161.1427746,263.30205598,63554.4504883,57388.00078916584,BCOM
2014 TO115,38.89594248578552,0.3732756,18.47181932,165.76395602,192.26665673,52766.97788346,57388.00078916584,BCOM
2014 TP115,37.99739436585012,0.31763359,11.59607404,95.2597958,316.5671165,63620.15403128,57388.00078916584,BCOM
2014 TQ115,32.0924902932939,0.24140821,13.39677001,157.75106678,303.0113086,70812.3006896,57388.00078916584,BCOM
2014 TR115,37.25091837837348,0.14480568,7.41056962,177.19438007,62.58547833,20495.01065301,57388.00078916584,BCOM
2014 TS100,36.48260203018269,0.44007661,28.55784973,129.55200217,229.96178034,48560.80718192,57388.00078916584,BCOM
2014 TS115,34.85807580701691,0.80425742,18.24700809,164.51002467,248.66927954,63766.07965555,57388.00078916584,BCOM
2014 TT100,33.920267110104696,0.60439754,22.90040985,108.85935443,277.13507911,56724.78688621,57388.00078916584,BCOM
2014 TT115,40.42586499739562,0.15281574,8.52690308,87.83734397,132.05899692,8805.51693674,57388.00078916584,BCOM
2014 TU115,34.987767557577016,0.89563816,23.53272162,192.34123359,225.34924367,61261.32791919,57388.00078916584,BCOM
2014 TV115,37.14862814898189,0.08793858,22.61466662,153.26824554,222.89844824,55624.2887527,57388.00078916584,BCOM
2014 TW115,38.71960703093247,0.07363724,22.58657031,96.97277353,203.76956505,37235.67904235,57388.00078916584,BCOM
2014 TX115,40.37653070099753,0.11770736,29.35061581,158.6568948,54.34857067,2420.79286353,57388.00078916584,BCOM
2014 TY114,42.70917352920683,0.02518148,17.08843415,43.04528734,129.56022655,104298.21064844,57388.00078916584,BCOM
2014 TY115,37.40115247473627,0.53691855,25.96327998,143.54749943,226.21462431,54318.9135075,57388.00078916584,BCOM
2014 TZ114,31.41625814703339,0.09938316,6.37308322,118.58790329,206.27045222,48200.53016131,57388.00078916584,BCOM
2014 TZ115,31.242587321060373,0.24842656,25.56732256,36.473804,95.90192331,81716.99852387,57388.00078916584,BCOM
2014 UA225,36.68720826708852,0.4584438,3.57546703,344.60691007,18.21931372,56080.34904785,57388.00078916584,BCOM
2014 UA277,38.94961355006573,0.1687676,6.5602936,130.87827169,254.1208516,61211.30060167,57388.00078916584,BCOM
2014 UB277,36.692277572655044,0.47213264,7.83954202,142.10764398,214.02453552,54514.13283017,57388.00078916584,BCOM
2014 UC225,31.04681402690162,0.11503547,4.93781943,139.57825293,269.1271853,61429.95320486,57388.00078916584,BCOM
2014 UD241,40.22001099293648,0.0499357,12.49106668,40.64230892,68.57847658,83370.1683691,57388.00078916584,BCOM
2014 UE241,37.230682851732205,0.12354344,7.51282782,60.41835707,78.31669375,89420.55499882,57388.00078916584,BCOM
2014 UE278,39.30353735982833,0.21407014,21.93723372,190.41878727,159.48599344,45178.30105465,57388.00078916584,BCOM
2014 UF224,39.755487748397385,0.12332404,27.15879072,174.32627948,331.52859789,87315.19929993,57388.00078916584,BCOM
2014 UF241,34.9026791395761,0.15923724,26.75040863,191.5668498,18.14001989,11021.85755543,57388.00078916584,BCOM
2014 UF277,41.40014935923151,0.02924755,37.08774962,76.5286621,65.20455955,99079.01958862,57388.00078916584,BCOM
2014 UG277,38.43814723493447,0.04160528,20.25569504,187.34774378,196.61766099,57033.07892203,57388.00078916584,BCOM
2014 UH277,28.04221662393748,0.28724943,7.79408766,147.23682568,82.36727423,22013.31740633,57388.00078916584,BCOM
2014 UJ277,39.58385208793727,0.08580547,13.60014585,73.1586713,119.40594062,105726.67139852,57388.00078916584,BCOM
2014 UK277,38.64865935577209,0.27313544,18.34030323,62.09651694,5.86961473,67129.20266884,57388.00078916584,BCOM
2014 UL277,42.66562941931407,0.10550693,21.41891398,192.64463672,7.85304848,109813.2494037,57388.00078916584,BCOM
2014 UM277,36.526446326016504,0.49297391,3.70072565,134.18708687,256.75789354,62719.92594873,57388.00078916584,BCOM
2014 UN225,38.6951579381535,0.34634355,53.14970603,68.69054869,323.41396667,74200.08700338,57388.00078916584,BCOM
2014 UN250,38.76268043835263,0.04512087,28.97071057,148.09779868,188.63534292,41326.49723515,57388.00078916584,BCOM
2014 UN277,41.72129528974174,0.02046489,3.29612561,126.41228029,108.6308722,22449.32908616,57388.00078916584,BCOM
2014 UO250,37.73674701242873,0.09884451,28.2582103,195.9622167,260.96611739,72814.54825295,57388.00078916584,BCOM
2014 UO277,32.585395222000656,0.10751294,11.70136309,175.43388964,169.37661532,50473.08489133,57388.00078916584,BCOM
2014 UP250,33.34616790727179,0.36362525,20.87316326,191.80242721,68.16862365,33482.59246392,57388.00078916584,BCOM
2014 UP277,32.59191797757196,0.32549844,37.01710852,174.08705022,227.58728402,56839.05782685,57388.00078916584,BCOM
2014 UQ250,35.60509339585426,0.35787735,32.11497102,89.06558279,338.3520807,64504.93566399,57388.00078916584,BCOM
2014 UQ277,31.101482123021963,0.28914019,22.47221461,112.29990465,294.86202854,60445.50242248,57388.00078916584,BCOM
2014 UR277,35.72018176546543,0.13456867,31.50637524,146.23008321,194.58957633,43634.4437855,57388.00078916584,BCOM
2014 US277,54.54583946960165,0.44999508,36.37384487,143.32035298,351.26289112,98440.30192433,57388.00078916584,BCOM
2014 UT277,39.860206026238934,0.06491785,5.790246,59.8539841,146.20789575,8463.58104999,57388.00078916584,BCOM
2014 UU240,28.597975726358634,0.04855609,35.74458427,81.99765848,73.08572296,77432.66415566,57388.00078916584,BCOM
2014 UU277,37.094524572763014,0.19140333,28.42674318,101.98380335,322.90043741,64901.81357019,57388.00078916584,BCOM
2014 UV277,37.16089535159277,0.39253737,33.50897022,166.56994909,213.65185455,53263.64661112,57388.00078916584,BCOM
2014 UW276,28.004665208959068,0.28828649,13.35904446,128.06020161,210.32062522,50431.79376081,57388.00078916584,BCOM
2014 UW277,15.120585512724075,0.42865868,35.7273033,158.22009183,104.45635121,43156.09972979,57388.00078916584,BCOM
2014 UX276,39.974729989974854,0.11536639,9.00407494,82.5209318,241.32728221,44341.6259331,57388.00078916584,BCOM
2014 UX277,38.2451159037181,0.57737329,32.16651185,148.82006071,319.6513311,72473.61565703,57388.00078916584,BCOM
2014 UY276,31.711369897224518,0.42710197,24.03437296,65.0840263,289.35260258,52118.15546579,57388.00078916584,BCOM
2014 UY277,34.740877134492926,0.10333855,38.39000444,169.45022163,291.33593068,67943.18524295,57388.00078916584,BCOM
2014 UZ224,38.32543967529905,0.64716159,26.78459662,130.99995386,29.40826253,103578.12744699,57388.00078916584,BCOM
2014 UZ276,38.37438379029232,0.1639923,8.62422084,6.97383577,14.20872319,59363.66849615,57388.00078916584,BCOM
2014 VB41,36.51901134387827,0.31624758,17.71753462,40.72168375,6.0392695,64959.41121084,57388.00078916584,BCOM
2014 VC41,28.800932206427557,0.2362045,46.54088345,97.7484299,315.5279576,60359.75371518,57388.00078916584,BCOM
2014 VK43,40.935585500532504,0.06504287,10.11127083,93.04652549,195.28923208,36033.9015293,57388.00078916584,BCOM
2014 VL43,39.45926871055501,0.07451145,4.76445873,39.31135955,256.88249986,39221.41941739,57388.00078916584,BCOM
2014 VM43,32.889074196132476,0.69318221,16.71324876,157.41479539,274.46437903,69053.48289612,57388.00078916584,BCOM
2014 VN43,31.54126055997647,0.13239067,14.84314672,23.31362373,202.07414163,29610.88728127,57388.00078916584,BCOM
2014 VO43,41.855214943358256,0.04698932,40.14345067,105.16189767,37.74315591,86055.92852713,57388.00078916584,BCOM
2014 VP43,40.951469683996,0.69274257,35.85805451,59.25536541,314.44396447,62949.07811947,57388.00078916584,BCOM
2014 VV39,43.33905650304771,0.01367396,1.62875547,136.32503596,281.84843768,71144.00182884,57388.00078916584,BCOM
2014 VW37,36.499142664525145,0.13267529,48.78493722,122.77677736,255.48280459,52365.20805157,57388.00078916584,BCOM
2014 WA556,39.85496806292334,0.36236404,23.84136598,87.04235833,307.00435286,63172.59322111,57388.00078916584,BCOM
2014 WA602,40.64470379471037,0.11440799,30.68769065,94.3551366,240.58508485,53114.93720359,57388.00078916584,BCOM
2014 WB556,42.69764148379275,0.8475583,24.15750796,114.89162763,235.33915786,51284.66003539,57388.00078916584,BCOM
2014 WB602,37.473622546401046,0.14017223,30.35329176,104.656502,216.92679675,49370.30904341,57388.00078916584,BCOM
2014 WC556,42.10428261800532,0.08375085,36.37207225,54.74293834,296.80179914,58431.08637654,57388.00078916584,BCOM
2014 WC602,34.277762931702426,0.11684892,29.25880082,89.59687781,308.3617095,65616.97659857,57388.00078916584,BCOM
2014 WD536,29.60743004522981,0.24874268,16.60729909,68.27196564,329.34560188,59992.52559407,57388.00078916584,BCOM
2014 WD556,31.61310927635594,0.5876757,30.75959076,93.60085279,276.83182194,58741.03345922,57388.00078916584,BCOM
2014 WD602,33.41519904319358,0.22496917,39.10740003,46.8909603,240.92248571,46646.70267492,57388.00078916584,BCOM
2014 WE556,36.64133966760924,0.45042979,31.27594538,112.21035091,261.72759536,60350.22474502,57388.00078916584,BCOM
2014 WE602,40.42967284022575,0.4880406,48.72177476,58.54689563,314.50979896,59693.05445346,57388.00078916584,BCOM
2014 WF602,38.98938813072773,0.64184211,40.22811925,126.81048044,193.03952211,48404.71859663,57388.00078916584,BCOM
2014 WG602,38.75774593894969,0.06899776,24.4384473,84.90672548,216.78925544,41333.86651516,57388.00078916584,BCOM
2014 WH602,32.95766041742017,0.13324561,26.71975986,125.32725063,228.54372795,53899.3021078,57388.00078916584,BCOM
2014 WJ602,35.666522468475286,0.32725465,24.45332256,101.30720979,181.13845399,36577.57166966,57388.00078916584,BCOM
2014 WL602,40.01638098884744,0.02033911,22.98843114,99.97111648,29.47634447,86426.16182896,57388.00078916584,BCOM
2014 WM602,40.46558427312418,0.14020418,35.89725043,103.49915353,259.4159869,57872.93125056,57388.00078916584,BCOM
2014 WX601,34.075804906563604,0.13943179,10.48096849,122.96782936,97.68396556,19295.17762963,57388.00078916584,BCOM
2014 WY555,35.10465948385991,0.36144517,37.57801817,105.78666579,200.14157309,44788.35499385,57388.00078916584,BCOM
2014 WY601,35.33748709782774,0.28677372,32.68994866,51.67724259,258.93191324,48676.50536041,57388.00078916584,BCOM
2014 WZ555,36.40637423038072,0.20493676,31.97537122,108.89498251,299.20780228,62233.39122595,57388.00078916584,BCOM
2014 WZ601,35.80422017821096,0.61949169,27.7244003,80.33379004,246.66489701,52421.88551804,57388.00078916584,BCOM
2014 XA48,37.15935319067098,0.20496195,26.58048606,82.81016731,223.79283345,41995.14541572,57388.00078916584,BCOM
2014 XB48,33.935321486691905,0.5097102,28.27595625,130.86216547,294.33404633,62890.20960981,57388.00078916584,BCOM
2014 XC48,35.90615102438722,0.13041192,28.19475418,132.8147327,291.55352721,67670.85352337,57388.00078916584,BCOM
2014 XR54,34.36611952218913,0.47011216,29.10740808,61.24261598,341.21065444,66871.12836312,57388.00078916584,BCOM
2014 XS54,36.64254570660051,0.22046613,28.92632609,95.04507799,228.22356535,43098.24948971,57388.00078916584,BCOM
2014 XT54,31.49663674644974,0.19880882,37.78936996,62.02144076,133.42987539,19652.36384381,57388.00078916584,BCOM
2014 XU54,35.49363509330337,0.45603366,31.72488938,89.7811736,348.57922042,67150.04468162,57388.00078916584,BCOM
2014 XW47,30.970816690246643,0.29083065,27.91605694,83.42636993,179.57333926,36323.71281588,57388.00078916584,BCOM
2014 XX47,35.7899112352793,0.30781339,26.60891999,102.08783239,340.05868709,73815.18648626,57388.00078916584,BCOM
2014 XY40,40.24883885832347,0.14795001,29.06371396,132.78245564,37.78481698,107530.12949273,57388.00078916584,BCOM
2014 XY47,35.27116272756806,0.07312856,26.20163675,82.9176147,48.775913,85592.24849146,57388.00078916584,BCOM
2014 XZ40,37.592975196058234,0.0558361,44.55230009,146.84218144,271.95419611,53247.73808976,57388.00078916584,BCOM
2014 XZ47,35.330402719316815,0.23248346,33.42957569,109.30881156,294.75333181,61191.30518355,57388.00078916584,BCOM
2014 YA92,37.52792441514597,0.02870513,34.30673112,79.18400017,65.50236047,85716.12410627,57388.00078916584,BCOM
2014 YB92,27.107436895892715,0.10100938,30.80742758,100.98284537,46.85941694,75814.70071219,57388.00078916584,BCOM
2014 YC92,31.948522253431506,0.50389015,31.9623593,113.4331102,142.07266313,15826.68804734,57388.00078916584,BCOM
2014 YD92,48.55091215932089,0.35284594,36.2594484,147.38019804,224.40381482,49937.28928951,57388.00078916584,BCOM
2014 YE92,37.1868289656503,0.4356039,27.03051927,94.3888976,321.15562548,66256.702731,57388.00078916584,BCOM
2014 YF92,38.1003025501678,0.11979643,29.65842676,138.36508435,352.95302163,85159.80900501,57388.00078916584,BCOM
2014 YG92,38.54963817259477,0.19221659,26.62700994,101.45693717,222.92537538,46205.64461277,57388.00078916584,BCOM
2014 YH92,35.93361715567998,0.07164141,29.93433878,79.1749243,16.00160457,74106.85138514,57388.00078916584,BCOM
2014 YJ92,30.66745825621208,0.29702726,32.7634235,134.70446617,183.02729948,46933.10729081,57388.00078916584,BCOM
2014 YK92,37.221149714524614,0.06350085,54.79159383,206.55564809,216.57128807,48349.16740883,57388.00078916584,BCOM
2014 YL50,37.42042135361585,0.32523215,29.14625544,127.38224807,234.31322701,51683.98692213,57388.00078916584,BCOM
2014 YR72,33.68007883502413,0.14411102,26.78944089,88.72781931,125.8664315,21047.92056206,57388.00078916584,BCOM
2014 YS72,32.079178626437844,0.41708852,23.94130113,112.64434918,284.78243508,60200.72891644,57388.00078916584,BCOM
2014 YT72,36.8666493222531,0.17778958,31.740488,95.83446368,322.06454848,69057.50314924,57388.00078916584,BCOM
2014 YU72,39.72724340924919,0.14606751,30.17854911,130.36404012,181.03261756,41317.21605834,57388.00078916584,BCOM
2014 YW91,34.44042931361834,0.15628113,24.00878263,165.93790716,301.42258016,74212.8940842,57388.00078916584,BCOM
2014 YX91,34.70476594261552,0.35103627,62.86458272,119.63268478,252.45666847,50387.08919864,57388.00078916584,BCOM
2014 YZ91,34.89714083146317,0.27301233,30.00482049,116.32051702,205.54927707,47733.2610483,57388.00078916584,BCOM
2015 AN304,39.30151086945287,0.70063142,32.01413245,143.11891135,210.29772397,52366.77451174,57388.00078916584,BCOM
2015 AS293,32.93946795555517,0.36122779,34.4325689,88.39367201,192.66860402,40274.29825183,57388.00078916584,BCOM
2015 BP519,35.24988557718501,0.92140562,54.11066262,135.21334352,348.05735657,73015.59724147,57388.00078916584,BCOM
2015 PD312,34.653634193097325,0.37481249,23.06024154,154.84730954,225.96872806,55334.06885734,57388.00078916584,BCOM
2015 PF312,41.155191342049385,0.09078439,17.99394478,160.63448155,260.20798278,63041.53212312,57388.00078916584,BCOM
2015 PL312,36.239821399132765,0.13466791,26.12294238,71.75259644,4.6542485,66050.55795784,57388.00078916584,BCOM
2015 QA34,35.11520871346162,0.45774237,24.80202281,88.73255295,309.89791378,61025.65878042,57388.00078916584,BCOM
2015 QB34,31.98449849328323,0.26914286,18.95179586,84.18567357,341.40594663,65737.58228561,57388.00078916584,BCOM
2015 QC34,35.24807219559974,0.36650326,21.9090645,81.99987064,349.01883728,66550.48698211,57388.00078916584,BCOM
2015 QL34,34.21566394408714,0.38216547,25.97599715,154.69575052,190.49494036,51158.67975965,57388.00078916584,BCOM
2015 QV33,36.39452838293625,0.31307298,24.70598591,159.71116812,255.04914697,63509.80398566,57388.00078916584,BCOM
2015 QW33,37.96247441934365,0.17317045,21.52764268,77.42253714,75.190001,94979.44687506,57388.00078916584,BCOM
2015 QX33,36.78187988261767,0.09259434,25.37303995,96.02225953,237.94846341,47998.72472143,57388.00078916584,BCOM
2015 QY33,41.386767505829866,0.03580729,32.67635148,138.12042601,125.32050076,26771.196823,57388.00078916584,BCOM
2015 QZ33,37.24746427164072,0.32253174,29.03911833,101.74920808,193.86798592,39260.53902888,57388.00078916584,BCOM
2015 RB280,40.590965105100246,0.07331843,2.17034477,201.66493123,112.46635428,42868.39322372,57388.00078916584,BCOM
2015 RG277,42.34703404769997,0.01426403,12.08909088,194.45185401,216.39029903,69894.88081709,57388.00078916584,BCOM
2015 RN278,33.217858416505344,0.04670081,7.12155655,197.67303432,57.52921328,35174.89564167,57388.00078916584,BCOM
2015 RT245,40.647465505991576,0.08423641,0.95778629,330.38440819,343.348424,43916.01555862,57388.00078916584,BCOM
2015 RX345,39.85514642714509,0.04602814,15.18491541,77.59509044,46.90863807,83735.51979518,57388.00078916584,BCOM
2015 RY345,37.738848239643715,0.06169508,35.37456035,91.0568013,81.55144147,98550.04134432,57388.00078916584,BCOM
2015 SO20,33.171069181237215,0.79867431,23.4104818,33.63424309,354.78720059,57992.08967024,57388.00078916584,BCOM
2015 SZ49,37.878284575882184,0.16669256,27.52741395,141.17412521,264.36464809,61865.8696453,57388.00078916584,BCOM
2015 TJ363,37.79457407792381,0.18073178,14.33621169,97.38594471,354.16269772,72626.08116618,57388.00078916584,BCOM
2015 TK363,38.16794533746678,0.06648983,14.78819022,142.99516933,174.3078026,40683.74805475,57388.00078916584,BCOM
2015 TL361,36.48199068014844,0.16406892,10.62628549,72.85921765,319.25796394,60110.63338224,57388.00078916584,BCOM
2015 TP362,37.09130670105319,0.48439925,37.93675881,190.6565065,164.8216337,52599.38716277,57388.00078916584,BCOM
2015 TP454,27.71456911237396,0.58480083,24.13917605,138.04181851,327.94465206,73145.97590269,57388.00078916584,BCOM
2015 TQ454,37.707639815828145,0.2677231,32.12844921,59.17014616,339.57639655,63768.05797199,57388.00078916584,BCOM
2015 TS363,30.89570334170816,0.44182747,14.60133296,125.77453635,227.21790463,52047.55693139,57388.00078916584,BCOM
2015 TW361,36.84668660830766,0.46810978,16.68587667,42.20772909,331.66481506,56597.05854063,57388.00078916584,BCOM
2015 TX363,39.324661552015286,0.02426564,16.96821057,147.03879007,128.09896332,27965.29473885,57388.00078916584,BCOM
2015 UK84,37.71776496614381,0.23889805,23.59199879,156.31173911,188.50916283,48861.24809482,57388.00078916584,BCOM
2015 UN105,41.40865686664495,0.77650019,37.02407055,129.34984088,231.43160056,53129.7494988,57388.00078916584,BCOM
2015 UO105,36.418632256000365,0.29079025,52.13688902,154.38382168,195.76004623,51165.98969598,57388.00078916584,BCOM
2015 VB208,34.360096744987416,0.62422481,35.65483636,89.37496881,250.97165453,51452.7305179,57388.00078916584,BCOM
2015 VJ181,34.89109766108549,0.17953876,37.39063106,80.21916483,313.052502,61226.10007976,57388.00078916584,BCOM
2015 VQ207,31.381954715235498,0.78786283,28.52993933,117.53011946,240.30418966,56611.52555955,57388.00078916584,BCOM
2015 VR207,36.65011510505211,0.53808554,26.63031286,196.61620225,156.68833165,50050.14299343,57388.00078916584,BCOM
2015 VS207,35.04564383869817,0.60277851,1.20226894,249.38397502,104.87239631,57015.60265555,57388.00078916584,BCOM
2015 VT207,36.36899981454793,0.31439892,37.36658634,106.04165023,245.90079458,54744.61410584,57388.00078916584,BCOM
2015 VU207,28.95470374850362,0.03626906,38.92274761,114.14600863,40.62363173,79182.75710548,57388.00078916584,BCOM
2015 VV207,32.96592142304148,0.4072785,29.35003261,91.26939852,296.33437923,60525.96162051,57388.00078916584,BCOM
2015 XO480,33.92765986491723,0.19622656,52.29923272,70.03522769,264.44929037,50182.65175791,57388.00078916584,BCOM
2016 PK220,37.76597365633944,0.2438581,42.40879553,51.7989804,258.57208264,41440.2837508,57388.00078916584,BCOM
2016 PL220,31.308284872357962,0.59189945,28.98696157,74.63046547,296.75550408,60203.39397207,57388.00078916584,BCOM
2016 PM220,33.489667471540294,0.16577713,23.14605584,351.76478239,329.72408565,51143.19480884,57388.00078916584,BCOM
2016 PN219,36.18148353929237,0.14318227,12.28293761,284.46721069,176.38763356,88443.67919772,57388.00078916584,BCOM
2016 PN220,37.0712891475184,0.18490871,7.05936855,305.99676193,128.03649214,78311.26279144,57388.00078916584,BCOM
2016 PO220,40.7542060460805,0.03003569,28.56388007,351.98996768,70.14000976,75262.98188669,57388.00078916584,BCOM
2016 PP220,39.23625918920132,0.12018056,6.39181373,351.04300694,38.3769426,65486.31754722,57388.00078916584,BCOM
2016 PT220,38.92120744212553,0.0814703,6.24212895,283.78090447,83.97777376,63086.32787371,57388.00078916584,BCOM
2016 PU219,36.42685385593365,0.04897595,35.08074886,39.36034527,61.57013545,75165.00044536,57388.00078916584,BCOM
2016 QA135,36.88339804191965,0.20703722,27.89822124,173.20360925,127.5799157,44400.47867287,57388.00078916584,BCOM
2016 QB135,29.57429815222464,0.10834255,14.99015002,192.14007546,324.98812438,86648.72594276,57388.00078916584,BCOM
2016 QC135,38.81732517168877,0.12302879,8.72017879,149.53580154,70.73317824,15440.52463036,57388.00078916584,BCOM
2016 QD135,40.74972336289749,0.13891574,27.44485589,139.03927409,201.60696715,50408.34720492,57388.00078916584,BCOM
2016 QE135,37.70228314972471,0.11208701,27.12610635,38.79235648,335.74684109,58288.63894766,57388.00078916584,BCOM
2016 QF135,36.59552643151816,0.24740388,27.65592717,48.73783581,333.51909378,59137.0712896,57388.00078916584,BCOM
2016 QG135,39.53014931407993,0.16485829,23.56767019,37.20956316,88.16022387,88985.08735677,57388.00078916584,BCOM
2016 QL134,41.79524359867327,0.0439949,8.89916273,125.56707273,301.11407357,70693.76668686,57388.00078916584,BCOM
2016 QM134,42.739764040385914,0.03026468,4.54517691,108.63713496,96.08945422,6271.41243511,57388.00078916584,BCOM
2016 QN134,36.939219356268275,0.15469632,5.74104554,130.49639393,281.62766783,65713.30693423,57388.00078916584,BCOM
2016 QO134,30.849410473789064,0.29318251,16.94072912,174.52948127,173.0569206,53024.91170547,57388.00078916584,BCOM
2016 QP134,34.38646306511338,0.63085312,24.4199542,171.53588916,270.04647041,74953.91722194,57388.00078916584,BCOM
2016 QP85,39.81180978849948,0.33432574,15.61471593,121.30894164,278.59057581,58280.21323225,57388.00078916584,BCOM
2016 QU89,35.24991665871155,0.79449225,16.97565509,102.89849485,303.34140306,59260.78729567,57388.00078916584,BCOM
2016 QV134,34.54188308996105,0.18314818,7.95273888,120.5348025,294.70242688,63680.20253169,57388.00078916584,BCOM
2016 QV89,39.95536270126049,0.76719501,21.38753829,173.21507944,281.08636652,69914.62109715,57388.00078916584,BCOM
2016 QW134,39.257984159267224,0.06322131,22.86087195,52.85630711,346.58934235,63168.02974948,57388.00078916584,BCOM
2016 QX134,39.541893302142405,0.09724936,10.88653825,261.20240135,154.68901597,79037.81417531,57388.00078916584,BCOM
2016 QY134,37.298817315240846,0.15741635,10.42290477,280.09808186,125.36360681,73740.79504194,57388.00078916584,BCOM
2016 QZ133,42.79775481040476,0.10444322,12.0401239,136.37041095,133.75500475,28962.79870203,57388.00078916584,BCOM
2016 QZ134,37.47868487607867,0.12452843,20.77678208,6.99342024,77.07988284,77874.63907391,57388.00078916584,BCOM
2016 RA82,39.49639229086336,0.08479676,12.36715728,124.93140518,160.2606215,29516.08801212,57388.00078916584,BCOM
2016 RD82,38.94281714101246,0.14499018,25.07857274,78.54874554,289.63473409,60278.91570241,57388.00078916584,BCOM
2016 RF82,36.083646658681346,0.44386982,39.43600926,109.80759478,273.88615606,63507.84435165,57388.00078916584,BCOM
2016 RG82,41.65807597094724,0.02424849,3.55802183,84.00059737,323.67146195,70248.61240535,57388.00078916584,BCOM
2016 RH82,41.770892289089204,0.0521164,2.42245964,91.60091238,203.96408281,39546.97829262,57388.00078916584,BCOM
2016 RJ82,34.762164996904254,0.09721897,55.8755939,79.69751579,351.91139793,77636.91595857,57388.00078916584,BCOM
2016 RK82,36.72918836958543,0.14034816,20.83945745,107.82173066,326.67637996,68479.16945536,57388.00078916584,BCOM
2016 RL82,36.679706106893974,0.30777124,23.00849752,62.60382418,354.49409431,63306.32105823,57388.00078916584,BCOM
2016 RM82,40.1956607038773,0.11174024,29.93771463,130.49739572,189.23347789,46461.51016378,57388.00078916584,BCOM
2016 RN82,32.764005734344785,0.69394787,24.45469183,114.95392209,265.10553241,60296.43424431,57388.00078916584,BCOM
2016 RO82,39.49041586294103,0.13948709,34.70484225,47.83544464,292.95688236,57030.192867,57388.00078916584,BCOM
2016 RP82,35.82766523144969,0.19402095,19.76268686,15.7704533,350.07580625,59255.28641335,57388.00078916584,BCOM
2016 RQ82,42.121218276704255,0.06371377,4.33467945,127.34274338,150.73806845,35040.82952094,57388.00078916584,BCOM
2016 RR82,41.96617729179111,0.04338599,2.30998003,39.19156648,124.9393727,105920.64502773,57388.00078916584,BCOM
2016 RS82,41.1679163227234,0.04384585,2.87112174,59.76459954,179.75653036,24814.47841464,57388.00078916584,BCOM
2016 RT82,35.71168490361334,0.23482701,20.52296615,4.11206767,38.02213167,66092.42736327,57388.00078916584,BCOM
2016 RU81,40.712841210834874,0.05887794,3.55280376,86.27938609,336.3503037,73672.9766264,57388.00078916584,BCOM
2016 RV81,38.28806262302551,0.15531972,21.44912477,188.40158866,266.45783234,77761.14140879,57388.00078916584,BCOM
2016 RW82,38.196834685247396,0.2735801,28.19156883,38.244791,321.0799401,71054.84931693,57388.00078916584,BCOM
2016 RX81,42.95227153094897,0.02409533,4.79411399,88.40078006,268.38985961,55474.43044007,57388.00078916584,BCOM
2016 RX82,37.685848129495355,0.19793371,13.35579606,43.33934679,356.85315524,65401.03584423,57388.00078916584,BCOM
2016 SA56,36.17942320863007,0.27073642,16.63392245,144.99115461,282.54986991,64635.99996395,57388.00078916584,BCOM
2016 SA59,39.093191313494515,0.84043148,21.52668557,174.71798451,200.29367005,53124.17212037,57388.00078916584,BCOM
2016 SB106,42.56961022329294,0.03263252,4.55071289,91.17272762,359.18855498,83049.54686487,57388.00078916584,BCOM
2016 SB56,37.5231519303308,0.06554369,17.35654747,149.04053979,29.78864844,93490.10986153,57388.00078916584,BCOM
2016 SC59,38.240636061420545,0.13752942,13.84926537,137.73945592,236.30000774,53965.72702941,57388.00078916584,BCOM
2016 SD106,42.70457650071649,0.87799978,4.81186392,219.42425373,162.9149663,64639.56780616,57388.00078916584,BCOM
2016 SE56,31.049354648717465,0.55320799,26.77968126,175.11445138,218.80558622,58580.4571788,57388.00078916584,BCOM
2016 SE58,37.32180604958625,0.14092422,16.04258343,150.83453265,150.15266447,35588.21294409,57388.00078916584,BCOM
2016 SF57,30.974872311565832,0.21116997,16.90665473,93.49220309,203.90338019,40616.28713335,57388.00078916584,BCOM
2016 SG58,35.106906279869364,0.84932945,13.22083283,118.97938134,296.29433374,60727.13381269,57388.00078916584,BCOM
2016 SJ105,35.493010306671515,0.06107625,21.3811442,171.07901564,13.1135088,90344.54456898,57388.00078916584,BCOM
2016 SJ57,33.8944683528516,0.06753486,15.31215887,145.04144072,270.95906988,61389.18421948,57388.00078916584,BCOM
2016 SJ58,31.654853959723162,0.27451683,20.64751585,81.2554295,345.2611021,62837.48053609,57388.00078916584,BCOM
2016 SK56,38.804380888422074,0.09409696,15.57337011,155.59343863,252.61597667,61512.91399064,57388.00078916584,BCOM
2016 SN56,36.622459576507985,0.1985712,26.68160544,61.41031381,67.01807053,80392.57897074,57388.00078916584,BCOM
2016 SO56,37.83058192528157,0.39566596,16.30618831,164.31084685,174.00540691,44727.30923879,57388.00078916584,BCOM
2016 SP56,36.886184570873525,0.25690792,20.04200723,75.27131537,30.72490088,73438.2889447,57388.00078916584,BCOM
2016 SQ55,38.635494907790765,0.1045511,17.53936708,147.39072187,126.56662289,27962.61000784,57388.00078916584,BCOM
2016 SQ58,32.284973793725165,0.11202084,22.70173238,170.07975386,199.63888878,53533.83503265,57388.00078916584,BCOM
2016 SR105,19.51085578702524,0.58118898,18.73831544,122.33248896,7.25012508,67493.74262047,57388.00078916584,BCOM
2016 SR58,35.45761188261667,0.55544193,28.91842715,60.0970645,313.09783611,53754.31725507,57388.00078916584,BCOM
2016 SS46,30.545082375339934,0.24807655,15.0396889,142.21627339,282.53942589,61562.24582969,57388.00078916584,BCOM
2016 SS55,38.32590704944975,0.47605191,28.49655707,182.79574289,158.0095022,45980.79480382,57388.00078916584,BCOM
2016 SU55,36.74198967628396,0.03295425,27.79343386,61.41266759,181.57554107,23676.47170299,57388.00078916584,BCOM
2016 SU56,38.18387293701866,0.35790241,19.16399056,77.32815022,346.81678027,64901.45306789,57388.00078916584,BCOM
2016 SU57,37.0482583036126,0.18737647,23.3754108,186.84086609,141.08547565,41766.92362052,57388.00078916584,BCOM
2016 SV58,32.91772184467571,0.26706724,13.59561137,132.57609513,305.66067468,65138.9328127,57388.00078916584,BCOM
2016 SW105,29.404424330303947,0.19196014,30.38952537,18.1412839,71.57904789,84806.90010177,57388.00078916584,BCOM
2016 SW57,38.122389638771956,0.17647512,13.53808738,100.69078794,29.84875938,80850.25649309,57388.00078916584,BCOM
2016 SX105,35.14886806488291,0.30580336,36.06898955,73.91316123,313.03568283,59512.62346271,57388.00078916584,BCOM
2016 SY105,33.87089814087882,0.25697325,26.39086496,65.19566805,262.07415188,61641.5471628,57388.00078916584,BCOM
2016 SY55,32.18909711034407,0.18201143,17.27339108,116.864634,334.92021341,69811.81027501,57388.00078916584,BCOM
2016 SY56,37.91396457177136,0.11417935,14.01497873,104.34755879,336.40064335,68367.28429763,57388.00078916584,BCOM
2016 SZ105,41.416781673847055,0.03432261,2.93151182,135.63366533,295.71064401,76874.12086548,57388.00078916584,BCOM
2016 TA95,35.88130834191195,0.48306714,25.45612882,133.11835272,250.18525008,56631.46391356,57388.00078916584,BCOM
2016 TL176,36.43444001528104,0.22423194,21.23827443,102.16978784,233.65229478,50352.78892025,57388.00078916584,BCOM
2016 TM176,32.49356868431338,0.38966382,16.55703128,33.43059045,283.53545833,49806.54939685,57388.00078916584,BCOM
2016 TS94,32.18409063839323,0.18168904,36.67803247,157.10203622,184.87854417,47829.15225515,57388.00078916584,BCOM
2016 TT94,34.93189781892256,0.1670314,31.69478728,105.87113999,208.23627033,43467.41000251,57388.00078916584,BCOM
2016 TW94,39.83931361616135,0.06735657,28.88793466,134.12291457,188.36767028,38715.79447043,57388.00078916584,BCOM
2016 TY94,36.84932782149655,0.24571734,25.66866736,108.72477221,279.10693239,58381.88774163,57388.00078916584,BCOM
2016 TZ94,37.07149912886284,0.16201642,24.16081099,121.50257682,179.26606266,37186.18844026,57388.00078916584,BCOM
2016 UL273,36.689881112784064,0.11758504,24.83340812,53.11574322,354.10586601,61375.01645513,57388.00078916584,BCOM
2016 UO273,38.19199880381304,0.20272307,16.07170187,68.93791382,258.73152496,43160.3907745,57388.00078916584,BCOM
2016 UP273,31.621791187403158,0.61925479,14.03301685,78.33241344,325.77605399,59812.82223957,57388.00078916584,BCOM
2016 UQ273,36.96138969930083,0.15085524,28.70624419,52.06540549,265.50296853,44441.56786931,57388.00078916584,BCOM
2016 WB75,37.116959254727746,0.18604016,20.60209062,129.38619865,215.87673933,50434.94822814,57388.00078916584,BCOM
2016 XO34,41.02467517829996,0.11670732,34.3415632,173.02570132,209.2216571,55311.71792064,57388.00078916584,BCOM
2017 QQ131,40.044960351436465,0.0764848,3.3883751,60.1794858,17.33816909,74161.18833364,57388.00078916584,BCOM
2017 QU131,36.85122548738731,0.26586315,23.09296476,172.75193352,161.27787683,48588.15790339,57388.00078916584,BCOM
2017 RY137,38.3250242538341,0.16453676,33.27860319,21.27247787,323.92338918,68626.16971783,57388.00078916584,BCOM
2017 RZ137,36.285892798876134,0.21047242,16.89507099,114.63215086,228.86976775,50697.89505935,57388.00078916584,BCOM
2017 SE277,39.94592929856475,0.54760598,30.62659294,0.44964727,326.03865293,62846.62330053,57388.00078916584,BCOM
2017 SE279,37.15553787855687,0.74182584,11.93682828,220.76693931,137.08138073,63170.3338789,57388.00078916584,BCOM
C/2014 UN271,10.948350531363463,0.99941967,95.46698564,190.00338314,326.28351946,62887.5418855,57388.00078916584,BCOM
