ObjID,H_r,g-r,i-r,z-r
1997 RT5,7.041844097858489,0.6492987154650472,-0.33035573371360183,-0.32054791485201
1999 RB216,7.084024978221171,0.8017180270744917,-0.31725404199199775,-0.4313088538718727
1999 RG215,7.264396704058855,0.9041418028260239,-0.23215114442255907,-0.7995762340435496
1999 RK215,7.6062689119386615,0.7764826932655988,-0.22669382811844901,-0.6018401894897704
1999 RN215,6.576231352545731,1.129137129973112,-0.40186141134145625,-0.5674135604556713
2000 OL67,6.922351127309286,1.0191519049785436,-0.44812064944610147,-0.5860444847174953
2000 QC226,6.8816358613129065,1.0563535593723248,-0.399814226597089,-0.6303460374252519
2001 QE298,7.590179452616441,0.9669673658295854,-0.25277477649010227,-0.6118186565499292
2001 QF298,5.232070625092517,0.44891647200963264,-0.11431134685756396,-0.19988045200096916
2001 QF331,7.511246488427242,1.1452137024313433,-0.2914295112667558,-0.26371004631242567
2001 QG298,6.483812684777918,1.0342100275910457,-0.3673401048044519,-0.3535812556682452
2001 QH298,8.162936943737305,0.5148823232739619,-0.2499483667282047,-0.21077301062203804
2001 QO297,6.469099419878168,0.906124089994909,-0.34666585778507847,-0.5186505793132219
2001 QP297,6.843225849709549,0.9866657035589942,-0.35467228994360395,-0.48592888692660147
2001 QQ322,6.655531645387578,0.8839674576166922,-0.43087603646845923,-0.5652770862516356
2001 QS322,6.991493712790033,1.0337381346149297,-0.35141553012857274,-0.6237824751836285
2002 PA149,6.432270344683419,0.8024466011730949,-0.339986803789336,-0.5788985973629054
2002 PD149,6.768661845377936,0.8360945916865961,-0.33628510593880845,-0.34508566495720777
2002 PG150,7.97513364369753,0.8964685993079713,-0.4220609547683918,-0.7177665036128061
2003 QB91,6.7043205341647845,1.0695344885298577,-0.35968427877686454,-0.3789989015482405
2003 QM91,6.43443245007669,0.825379802882101,-0.35231375664464076,-0.5058631082565253
2003 QO91,7.220136306297496,0.8012210174958498,-0.26469287205771147,-0.2187749348107942
2003 QQ91,7.785377053738449,0.7269685983067097,-0.33844609855345476,-0.2604068294926525
2003 QT91,7.362154390011328,0.7813560303508821,-0.5390189420812346,-0.7475963433612837
2003 QV90,7.1721708159913735,1.1279652811031526,-0.27642459950694215,-0.2617527382921177
2003 QW90,5.009034402363591,0.9563955651090053,-0.3672359884648584,-0.5200575340309543
2003 QX111,6.964438907180545,0.9644583654801318,-0.4470611966484257,-0.633067540238753
2003 QY111,7.287728460338988,0.8798138987026819,-0.2315667105240538,-0.5424454335732437
2003 QZ111,7.246292759736166,0.9543971971032229,-0.27504998151760995,-0.5367502671451653
2003 SQ317,6.699730828061929,0.5743157544478749,-0.02532666642316026,-0.12135156294149141
2003 SS422,7.210959217628927,0.703532590091341,-0.22562219668476743,-0.5034738961668743
2003 UB313,-1.3057954743768594,0.5625472063184144,-0.09931578596842082,-0.005554382886244808
2004 PA108,7.010309467562001,0.8195128965691201,-0.5573905576143436,-0.5305117475434199
2004 PW107,6.973387157594585,0.8792364699237842,-0.3426942657747929,-0.6296327565240745
2004 QE29,7.361835310910747,0.6227074775044524,-0.1601029546898172,-0.37920662479588135
2004 TY364,4.283142922132422,0.7952097975951149,-0.30978058858897883,-0.46856077271789975
2005 PQ21,7.3463452825291835,0.6116858659086447,-0.2867784892903355,-0.36113544590698476
2005 PU21,6.3605857420744965,0.9801429319639943,-0.36429621103321747,-0.540705865893208
2005 QU182,3.6678029936805334,0.7908976304344626,-0.29208196300793954,-0.38714355823484853
2005 RN43,3.5006166245601467,0.8105885807208046,-0.28470515023957826,-0.3057899533364291
2005 SA278,6.3870471021070525,0.572727151027019,-0.2202933835210405,-0.2729936526025183
2005 TB190,4.268875674232882,0.8078025853488234,-0.2920472471212505,-0.42289137783496966
2006 QA181,7.605651242174405,0.9742321028658592,-0.3557573008477412,-0.32976413613707234
2006 QB181,7.223738478015784,0.5683100788092579,-0.486366776594493,-0.7614774057951508
2006 QE181,7.781107301578066,1.2386437725255655,-0.5206004204597101,-0.568513817856266
2006 QF181,6.929055840869326,0.8756838120759665,-0.2591694840164722,-0.5676004587376917
2006 QQ180,6.506831754745688,0.9450744917242162,-0.3955641364052769,-0.6897834020389255
2006 SG415,7.607573150940992,0.8598805087242726,-0.24028868955086713,-0.33496472147636
2007 RW10,6.690911532518863,0.5733292225681876,-0.19257834679529667,-0.275126905242857
2007 TB418,5.9099979416272905,0.550440200376499,-0.32329221422793364,-0.5608181402181944
2007 TZ417,7.711470070736082,0.4694043470004681,-0.41841051904075016,-0.7132996951235231
2007 VK302,7.094635642913984,0.5437799524110394,-0.41235805821605265,-0.4372810110284581
2008 SO266,6.326409469844775,0.9081928760518895,-0.35863451568018473,-0.4473704393843388
2008 UA332,6.285085376479545,0.6139307031008737,-0.2358401015968812,-0.3221372738424862
2010 JJ210,6.8911303436559574,0.8886795750018524,-0.5029288146814135,-0.6677654915201503
2010 RD188,5.760478904652993,0.5453966541494804,-0.1641987418397898,-0.2553816204837105
2010 RF188,5.141540505564494,0.8648933998113794,-0.29439175683903945,-0.38889678972860553
2010 RF64,5.495716276897918,0.46424370903569234,-0.08838852077844483,-0.05123710228917443
2010 RO64,5.1598971701267775,0.928316526848108,-0.38634322067868926,-0.5661221320975471
2010 TJ,5.388616251456616,0.43018329580625786,-0.08376650163587729,-0.0824235854805732
2010 TY53,5.486360514167169,0.5020072067493107,-0.1372038529963086,-0.25365078406995256
2011 SO277,7.684881340896533,0.8007837611854567,-0.29538032515562745,-0.5308079215022241
2011 SW281,6.427312114015097,0.8434555086046595,-0.354315645600401,-0.6170509248967703
2012 TC324,6.5411264980673085,1.049124866529038,-0.3601666226698852,-0.6923566798332044
2012 TD324,6.981589166233492,0.6227461858274349,-0.1788180197283303,-0.49239225701500994
2012 VR113,6.499783096183679,0.7537729554523036,-0.18970302799072777,-0.32790414044923494
2012 VS113,7.069510534623964,0.7090300470166319,-0.23967576648565325,-0.34644173427688674
2012 VU113,7.6579024723775735,0.8601525033894745,-0.3373419940192429,-0.37615604097526356
2012 VV113,7.578945153770098,1.0144388480656683,-0.2617634121864757,-0.47111931217761716
2012 WD36,6.801538930470462,0.5246974099170187,-0.17528978772625142,-0.2803210030269198
2012 WE37,7.623348246865364,0.9177273427000072,-0.2950359816146296,-0.35057612470710037
2012 WF37,8.073937312023068,0.9399762537001533,-0.36724666697935976,-0.5129006245047295
2012 WG37,6.714028642696983,0.6711253028908759,-0.29016456489102876,-0.4853547266311673
2013 QO95,6.912803549060174,0.9142226484682943,-0.47009380808393786,-0.5549384506043141
2013 QP95,7.194015054426446,0.7075023630490054,-0.17226570326831975,-0.18883501901749306
2013 QR99,7.413258428524104,0.8725147407293725,-0.23005943532299084,-0.2552621958781294
2013 QX103,7.881461504341198,0.588630671216317,-0.2456145674964265,-0.49577072908036857
2013 RA109,6.086271904562553,0.6621866061203957,-0.21872586458070103,-0.16018274095506987
2013 RA156,7.926618465314769,0.6033561286941013,-0.27033242193541857,-0.31628740835414976
2013 RA157,8.45575049233945,0.4731374015909373,-0.30446044726167254,-0.3869328111620426
2013 RA158,7.532559176936763,0.6212654225546933,-0.2924402898777876,-0.3349375439249719
2013 RB109,7.380161007093347,0.6544731712976043,-0.18117549492670365,-0.14344547562216123
2013 RB156,7.531902112854832,0.7242289304380447,0.020428747892401303,0.06341996912129962
2013 RB157,8.497250342272208,0.9750109086359368,-0.13513665774805808,-0.23752144375856418
2013 RB158,8.226737408337799,0.4627776921660302,-0.5263756474422991,-0.6817685752543258
2013 RB98,6.546118269384264,0.8579021349006712,-0.39162625055206224,-0.5780158007397508
2013 RC109,8.152208933433764,0.5946219675440116,-0.17888226334419408,-0.3394805843264261
2013 RC156,7.709886581582532,0.6715538975582314,-0.19995325102556455,-0.48765727280041105
2013 RC157,9.0230342718369,0.49496496734881545,-0.43881095342335913,-0.44421154732938645
2013 RC158,8.473741383187336,0.5235153353781151,0.10375958866951822,-0.19657476196049029
2013 RD109,8.142035505463111,0.6092189049219816,-0.15005030207589465,-0.3288828960094867
2013 RD124,6.715299454644727,0.6854252436625824,-0.18473817402306364,-0.24470073850026933
2013 RD156,6.900901157528695,0.43336521396247235,0.03703340289446694,-0.2358866787501301
2013 RD157,7.6154293514012235,0.8293853843893034,-0.26515663323535943,-0.42365932801798784
2013 RD158,7.326827545842308,0.46038875828397324,-0.31062054377459936,-0.5577629912955306
2013 RD98,7.187839197434782,0.6083471237468909,-0.245845227180237,-0.5801890062317556
2013 RE109,6.253260754364126,1.0791021420784148,-0.3405039933791939,-0.6366065879621751
2013 RE124,6.9514808194705235,0.42057652346781027,-0.19979369565945748,-0.235562514580779
2013 RE156,7.381964730129804,0.45631562462364383,-0.25585548736116787,-0.3561633533230933
2013 RE157,7.394319806047227,0.624215153527722,-0.2850732031595339,-0.43593423829322553
2013 RE158,9.215367071773892,0.3435177063533563,-0.6090433802077749,-1.0547618200696205
2013 RF109,6.5610646014510525,0.9786980270773648,-0.395463167393053,-0.5568140840601767
2013 RF124,6.4604238454332705,0.8648905735157211,-0.2763929366583024,-0.4164439897694762
2013 RF156,6.997215594859982,0.7396959535696767,0.12860630313423774,0.12153255538778479
2013 RF157,8.224619943945987,0.6098388316694349,-0.6501837411376138,-0.30237562333217266
2013 RF158,8.137056986997562,0.6716340512653558,-0.6276281346866411,-0.9031481919125569
2013 RG109,7.13535570186348,0.6235393175965122,-0.29703300776964037,-0.21055953366683697
2013 RG124,7.312649903378725,0.6023686330444554,-0.15429228863813144,-0.34184788519451065
2013 RG156,7.361109584004657,0.46458792059622983,-0.18068778402118055,-0.5952254524741102
2013 RG157,7.610464014114244,0.7300633116286523,-0.6074135938289311,-0.9329575733801667
2013 RG158,7.440404495854841,0.9389738041538855,-0.33944012612448454,-0.48709274916397216
2013 RH109,7.475356729520927,0.4806926826300307,-0.11020111140022588,-0.08513199443568557
2013 RH124,6.30318166245919,0.5812830871833542,-0.1305566067464279,-0.017179316547488423
2013 RH156,7.973883538501417,0.8926751869355981,-0.21162588984608727,0.08339074350119666
2013 RH157,7.801025888805006,0.7176531398717699,-0.18753591599579358,-0.3226194479971183
2013 RJ109,6.8812072094406656,0.6370584595505195,-0.3549182830481043,-0.3577059762572506
2013 RJ124,6.480516430576133,0.9229295511841888,-0.3256524578843957,-0.475172243648907
2013 RJ157,6.743677114232634,0.6352879854892394,-0.2524814646732232,-0.38696730368403803
2013 RJ158,7.009567174411286,1.0775286481164699,-0.3356116748333039,-0.4314148536105087
2013 RK109,7.137471878568453,0.6834408742195774,-0.247151997467335,-0.38176284551676354
2013 RK124,7.449247596061467,1.0646948668629024,-0.279058700711337,-0.593383469940144
2013 RK157,7.575784848233161,0.6177928875835599,-0.3343366386669616,-0.6509960724190428
2013 RK158,7.218565202525573,0.5139935865764016,-0.2111989964213585,-0.08649748036787272
2013 RL109,7.630027061079565,0.5966110790951415,-0.24818744366571283,-0.3365537228504011
2013 RL157,7.48752104020936,0.8371645934813196,-0.15277551098421585,-0.22395070074714574
2013 RL158,7.402709789276409,0.4967696391129014,-0.19468646745618326,-0.33095317239572447
2013 RM109,6.795366470554329,0.9305026601411756,-0.38950369098313825,-0.6904358705454532
2013 RM124,7.8660389974199685,0.4920799262900635,-0.3316790801590726,-0.22535612028750232
2013 RM157,6.591440986441912,0.7726225337733218,-0.3312771518677611,-0.7374990492127448
2013 RM158,6.793653076918668,0.6465002723831936,0.06463163975328969,-0.1264546094141154
2013 RM98,5.5848691470039125,0.5322473387489511,-0.06241565951394246,-0.03735694299314239
2013 RN109,7.648295693875111,0.7152426614140727,-0.3515892562715348,-0.6642682283715324
2013 RN124,6.710846900207757,0.6160703714879537,-0.10547238771497232,-0.273345957095038
2013 RN158,8.228306871855429,0.7823511378192795,-0.19820496729590878,-0.2884083909527997
2013 RO109,6.818711723535953,1.0714147190296708,-0.32647530041790024,-0.6554094433649206
2013 RO124,7.300098020837572,0.36940305613540514,-0.1369869966196855,-0.328240702653623
2013 RO156,7.952601621038225,0.8335540454071018,-0.6343381284787855,-0.8007864680456167
2013 RO157,8.383365840877344,0.604828006587309,-0.14712072274220503,0.01232859263148516
2013 RO158,7.6499524420536655,1.1994762758255517,-0.3180693745031667,-0.5961346531561522
2013 RP109,6.731816242496668,0.9096283095314794,-0.4770333449735602,-0.6260633631552971
2013 RP124,7.187919336249577,0.46819975935726277,-0.27194644931058604,-0.3687780989931842
2013 RP156,7.31876121381328,0.5596163487175609,0.010323118915032034,-0.3077547358931034
2013 RP157,7.916036470665036,1.0607266124302421,-0.4017616841430133,-0.5401043341095444
2013 RP158,7.200134169028269,0.9494919857030666,-0.2563037388470393,-0.327271101583219
2013 RP98,7.120645620282319,0.5048868492873406,-0.09866759349455075,-0.40096685289951306
2013 RQ109,7.806104371938437,0.6079665279595451,-0.20886689591020238,-0.3342318680555712
2013 RQ124,7.038440285756108,1.302703611760405,-0.41339458252276834,-0.48933083129231125
2013 RQ155,7.2815993064016435,0.637005777732198,-0.17985211283056549,-0.6793255015418151
2013 RQ156,7.034587188388331,0.38829015832220826,-0.38624343754316964,-0.48543395887411767
2013 RQ157,7.946753944314009,1.0308045119170983,-0.31053482515478814,-0.5550103701701327
2013 RQ158,7.1407964086393125,0.747884243264651,0.04244495408516302,0.10401304203427286
2013 RQ98,7.803072685972927,0.7436161975331153,-0.3234302447107764,-0.49027128516500784
2013 RR109,6.762346632701908,0.7097235775795455,-0.4223798288142773,-0.4082314907481575
2013 RR124,7.463996982653006,0.5383825348845875,-0.356404268031861,-0.2264241882196821
2013 RR155,6.851036427410518,0.5029110292903244,0.06993457726118757,-0.3032650355783999
2013 RR156,6.391539794559014,0.42509428027695834,-0.2326388782829812,-0.5065936057713541
2013 RR157,7.612842709292641,0.5588628369768138,-0.17307736632627296,-0.5230567222149051
2013 RR98,7.162155647281578,0.9879168169706425,-0.2520938453071674,-0.5828105180357989
2013 RS109,6.830533735522005,0.6859964232514495,-0.15654815516354495,-0.4544117799112013
2013 RS124,7.8813103611844735,0.7254192324419872,-0.12061765223729314,-0.13679206644209144
2013 RS155,7.084370736072673,0.6140692362510853,-0.36411389218126494,-0.3314956922607027
2013 RS156,7.44452006303395,0.7497872851804597,-0.41032171328847555,-0.18180445173606014
2013 RS157,7.10776775312406,1.2121897249591738,-0.30910793270722725,-0.3150584717776813
2013 RT124,7.910180820899695,0.8946304226246095,-0.49609128522720985,-0.6177127995816158
2013 RT128,7.407739766889934,0.40475313061403134,-0.16980349838749717,-0.5726907715542112
2013 RT155,6.395409983470207,0.5447434605901993,-0.14216767171861838,-0.2028760044002127
2013 RT156,6.240243388156101,0.7631057575964115,-0.22778934102216405,-0.36361555553907215
2013 RT157,7.417248910543494,0.5479394410094649,-0.35836258480551403,-0.3923685578871334
2013 RT158,6.704486016939521,1.191747100956651,-0.32200243837510073,-0.2590530626547686
2013 RU124,6.853412326442042,0.5174489214229725,-0.13401783557027153,-0.3369385529887371
2013 RU128,7.452683279862621,0.7757317323097059,-0.35282677512717525,-0.2695133757179124
2013 RU155,7.452141061396519,0.7630870152268309,-0.5631160561077256,-0.6502135985643822
2013 RU156,7.903017136521983,0.7408823134595702,-0.24666523572606355,-0.3850782811688943
2013 RU157,6.852948733796799,0.9287038073476537,-0.3722918895304915,-0.6806707691873151
2013 RV124,5.840781623655873,0.8340835644504738,-0.29541667017008216,-0.4177121967777085
2013 RV155,7.201728336918068,0.751037421696746,-0.353071889353876,-0.6058771751421159
2013 RV156,7.709413525538745,0.8901017004186389,-0.355528322758009,-0.5595509694877009
2013 RV157,8.114097321176034,0.5613416097609023,-0.2008530358796455,-0.5336493761732718
2013 RW124,7.496340939672409,0.6167391894690327,-0.2293427138084758,-0.16916113890096157
2013 RW155,7.389982338002612,0.5726131912609419,-0.34260676672683615,-0.43144745225319
2013 RW156,7.652687697264708,0.609169291865945,-0.2201634005737532,-0.1524147353165655
2013 RW157,7.809003756615878,0.6773604083504237,-0.004596855845229372,-0.36924607878506044
2013 RX108,6.262545467910856,0.9945629498331613,-0.3187772441233118,-0.4793089640692866
2013 RX124,8.166701804719208,0.8512345565195663,-0.09205652670625236,-0.47374185419975184
2013 RX155,7.569292525880337,0.5076239307910445,-0.3327767841103265,-0.36399446897527094
2013 RX156,8.19649129888194,0.3879303920037182,-0.399136945377747,-0.42934589047016747
2013 RX157,7.488857845597456,0.6321560513750564,-0.030833984158180592,-0.41399148902866884
2013 RY108,7.8582247875294495,0.6395791604703579,-0.030968614195304653,-0.2886336641849878
2013 RY155,6.858169064908088,0.6304647071368203,-0.02453380738936543,0.042376200078836794
2013 RY156,7.115070135615978,1.1119231013896251,-0.29519516408723606,-0.3803286575648233
2013 RY157,7.134832269523889,0.8848639234212221,-0.3653700475612631,-0.47201874343672184
2013 RZ108,8.182988931760113,0.49259377111942965,-0.11931177799232769,-0.469221021367129
2013 RZ155,6.9322035462666545,0.6412938530054098,-0.22864965441888305,-0.3469607381218721
2013 RZ156,7.705117396458407,0.9048283128393684,-0.19075747797559847,-0.3049828317554465
2013 SA100,5.894031396026376,0.7552444269987851,-0.22656536750100822,-0.3826981700135722
2013 SA112,7.449318392978329,0.9057811767439156,-0.27766209253678015,-0.5372270132255289
2013 SA113,7.784064087297294,0.5610656867495013,-0.10846788898433313,-0.07972966676968231
2013 SB112,8.23171884881645,0.7109830660101862,-0.25528593968309804,-0.10425564184085587
2013 SB113,7.364675250550155,1.1147776431886351,-0.1482943811326985,-0.5614672404819141
2013 SC112,7.181634036643084,0.5691886262369589,-0.3161708863009258,-0.4822772783945962
2013 SC113,8.360867861830448,0.9164443644023426,-0.5444353739133492,-0.47426024953795426
2013 SD106,6.440909638386154,1.1169129792315518,-0.4522280978002057,-0.648344267337293
2013 SD112,8.081987554749185,0.750738713700693,-0.126624820680914,-0.3417099327108615
2013 SD113,7.5437909338661715,0.6966109155060128,-0.3076123241766857,-0.5339187709448731
2013 SE106,7.100057158864827,0.8821617758648795,-0.35211227713423643,-0.5482000835254786
2013 SE112,8.087537625277681,0.6903286927419575,-0.6324912476297229,-0.5011885555945408
2013 SE113,8.366099919126858,0.632780919945791,-0.3401602813462072,-0.47210753554620805
2013 SF106,5.008025218524891,0.7073475920364571,-0.29893330598347434,-0.46310554738262316
2013 SF112,7.34390962691892,0.862827208174341,-0.34091788493201214,-0.32931191746215516
2013 SF113,7.834283227892003,0.5422786111833584,-0.2626525124370709,-0.028528724102776706
2013 SG102,6.9495258720843385,0.862469314451462,-0.3942584567323459,-0.48382498427703285
2013 SG106,7.122013643632519,0.6717534489583871,-0.2029161379491269,-0.2663708821813149
2013 SG112,8.382008365074364,1.0719909564698507,-0.37672491310717776,-0.5147068613864277
2013 SG113,7.041043677701703,0.5953244653493451,-0.30098016616434636,-0.09954402510563756
2013 SH102,7.368592891806648,1.003938372585939,-0.3830098965616691,-0.5189641809564738
2013 SH106,7.714004543015205,0.7680060099050194,-0.15214122577362033,-0.09705060914290357
2013 SH112,7.350863283928822,1.2106807741471146,-0.347542743115315,-0.7426729403363129
2013 SH113,7.434418331071962,0.8386470628882647,-0.3970660872495501,-0.6723689111884106
2013 SJ102,7.498127235428759,0.814580499058469,-0.4231006595717557,-0.5807456284684431
2013 SJ106,6.666942474873823,0.7839191754332506,-0.3794289444717193,-0.47894941970146404
2013 SJ112,7.156066997652841,0.9280209574872635,-0.09710480353066318,-0.5293542601862338
2013 SK102,6.2508883396659005,0.7327818825526776,-0.42600892489130504,-0.6187782041489551
2013 SK106,6.735515417952405,0.8531108802276496,-0.2946854991873058,-0.4272131618532884
2013 SK112,7.430648674328973,0.8205388249573291,-0.41969526179242794,-0.5982462029282697
2013 SL100,7.596170152462177,1.278108153723571,-0.3292047674729116,-0.27076490483637944
2013 SL102,7.14743690398633,0.7805134802301772,-0.3457849817955902,-0.5772994682555411
2013 SL112,8.239588672305272,0.8090566870485456,-0.2916350706370878,-0.29781870718834624
2013 SM102,7.2781234678816435,0.5450372634872824,-0.1413163859190383,-0.47735295401503586
2013 SM106,7.415731098490719,0.4905332580725863,-0.21728051870260723,-0.4369100536536667
2013 SM112,7.2491284955236654,1.0187237988510691,-0.2628241657471026,-0.5788998749796045
2013 SN102,7.335668566431087,0.988113982117694,-0.28355064187039863,-0.4759694186932837
2013 SN106,6.8688459534544375,0.8892192339001769,-0.4217206283947105,-0.6675180095906834
2013 SN112,6.93716540528599,0.8044211518457791,-0.16427839339802228,-0.4130638738726943
2013 SO102,7.530352343619926,0.5843874832705985,-0.12698758622946923,-0.2026209261273636
2013 SO112,7.19851175800955,1.1783318960865483,-0.4356329174540595,-0.5230500756148587
2013 SP102,6.01023613984564,0.5886931839625165,-0.1617402557177853,-0.23161182476782105
2013 SP112,7.5830634503496785,1.1272550557965602,-0.35961205360355686,-0.4758741692626376
2013 SQ102,6.2378091282541686,0.6050840013694317,-0.3189452119087906,-0.3706070516677301
2013 SQ112,8.254614215538604,0.7824641929825399,-0.2935347690948495,-0.3154293179054446
2013 SQ99,6.39951638859784,0.8439640750521153,-0.4770115018476148,-0.44433194110460655
2013 SR102,5.837276694067723,0.45356784368985664,-0.13321423671640195,-0.4525709920859591
2013 SR112,7.564054191319622,1.5552021231012971,-0.18371968578266668,-0.30017993347627897
2013 SS102,6.836538173685716,0.8644618435858058,-0.35430245156202617,-0.4290092703867645
2013 SS112,8.105164341108791,0.6180798601458789,-0.25692451748792816,-0.3504788428031195
2013 ST112,7.325867713370487,1.0309555700343753,-0.2620100946734145,-0.509415995746605
2013 SU112,7.6987978584200025,0.9439084535598242,-0.3801765499269075,-0.6387347806506571
2013 SV112,7.676988113309031,0.8853771239919526,-0.24465096209543297,-0.5363997715313461
2013 SW112,7.355654579487018,1.244246069735068,-0.4852670025681206,-0.5376940278599598
2013 SX112,7.955780740204885,0.33818376284049595,-0.17793429264047778,0.17413671838809452
2013 SY111,7.110782199626557,0.9048450533831154,-0.08487740589465412,-0.29317219683062473
2013 SY112,8.665603199618685,-0.4848103104988562,-0.6825764867391846,-0.6110433620233408
2013 SZ111,7.734383261174328,0.36092843396413926,-0.07168345137011709,-0.4266616727201595
2013 SZ112,7.333292737778395,0.9780882303378652,-0.4320866265142281,-0.6013458202028762
2013 SZ99,7.948623998904418,0.9877003919022086,-0.16719387181003495,-0.22481299046901698
2013 TA172,8.072253119984692,0.7044593032682572,-0.22994716161339748,-0.4581977919574841
2013 TA188,8.271181385784933,0.7550171709568538,-0.2571121536229106,-0.4112611541839479
2013 TA228,7.499079536968628,0.6237879681153352,-0.36154152505447107,-0.5392642697917521
2013 TA229,8.031867507436411,0.6716292896198409,-0.31096592797466177,-0.3805940608185007
2013 TB172,8.052972780330782,1.1424977740655091,-0.21843523475744048,-0.5234125225979281
2013 TB187,7.900763329842112,0.5400354251447139,-0.16814254303479767,-0.24013805100084065
2013 TB188,8.139109094846232,0.8143164489201808,-0.2767630472881756,-0.47458392472244487
2013 TB228,8.676343013600425,0.7808616625036076,-0.2060509311898813,-0.4023955636014576
2013 TB229,7.244278716822253,0.9562275826014689,-0.32748250518371147,-0.7263149222400019
2013 TC187,7.172360325476001,0.9271553920969214,-0.4018091809792893,-0.5824468999139224
2013 TC188,7.185927837106883,0.7305701459226225,-0.3502395434381884,-0.4796895807046444
2013 TC228,7.418793148255093,1.2432829832920271,-0.4467386332450715,-0.5539074131903121
2013 TC229,8.096512514474304,0.6278278708183261,-0.5365537363158578,-0.7166376906314259
2013 TD172,6.890094321137957,0.744448056630835,-0.19032939105794222,-0.2767350156133872
2013 TD187,7.419233798647207,0.6426599208698153,-0.26049812527151306,-0.1901963142398559
2013 TD188,6.8744856126750005,0.8622913073019025,-0.4101167402412267,-0.6629794251025741
2013 TD228,8.51163769003792,1.0256794640855487,-0.5197002044435023,-0.7878468132952315
2013 TD229,7.342745862964579,1.0349580313857425,-0.4737217511026004,-0.49242548581562035
2013 TE172,7.31991955023298,0.6094130033945775,-0.4056762543395954,-0.41960397123275706
2013 TE187,6.518107765906633,1.0868292689484107,-0.23170167739653405,-0.646482407307096
2013 TE188,8.261826631528189,0.6411336911900696,-0.29784023789221914,-0.38052850851844866
2013 TE228,6.687365743214146,0.9013618436301051,-0.44639948097346366,-0.37500066226878875
2013 TE229,8.800086905186687,0.9029947809356927,-0.4998105823424593,-0.5168504915425968
2013 TF172,7.013772961780797,0.6904247197780449,-0.29351939852123693,-0.4631137876648189
2013 TF187,7.536175596337857,0.8303031840870169,-0.27681205165857165,-0.36514348079993814
2013 TF188,7.503756954780188,0.5542997474222231,-0.3524301565279858,-0.5356790726991717
2013 TF228,7.648303998847522,0.5854528421305624,-0.316103180376025,0.04435963974410292
2013 TF229,6.899587923857419,1.2990683564408487,-0.3759962817789912,-0.544945123609673
2013 TG172,8.229686642595334,0.7247701178215209,-0.3959917053211615,-0.41474732083513205
2013 TG187,7.6160610815726155,1.012000650983175,-0.4169122923896389,-0.7122425872021327
2013 TG228,7.990250782636318,0.5148545320530526,-0.27628662556982503,-0.5765092344677958
2013 TG229,7.23712982821,1.526017930831924,-0.27822054778853655,-0.5558622485181043
2013 TH172,7.680126019966872,1.0149245736903894,-0.3071277450094958,-0.484019087678746
2013 TH187,7.218601735415083,0.9884352044395837,-0.38610665511818065,-0.6216769963196446
2013 TH228,7.933567178223067,0.8964923659646075,-0.42782417641579346,-0.73391847794268
2013 TH229,7.210339311462226,0.9824925350976447,-0.25712206393036136,-0.5565176202240852
2013 TJ159,6.829809917078796,1.099865307094026,-0.44377097570417073,-0.6562099809758071
2013 TJ172,6.8568807426584915,0.6969781174253599,-0.2508939000377297,-0.39206203334179346
2013 TJ187,7.104142331801457,0.7065629617347853,-0.4002325805053188,-0.5708009775461151
2013 TJ228,7.988405026478288,0.9456052389550058,-0.13006992736938486,-0.7019539498069347
2013 TJ229,7.9708638967265895,0.7784167231557529,-0.18573917128614134,-0.49227828914343175
2013 TK172,6.737282269856612,0.8540376484127896,-0.3147567063270538,-0.48768173148646227
2013 TK187,6.914559530896893,0.9566314044421547,-0.31119115518960255,-0.6064324178531083
2013 TK227,9.379290092590596,1.0900421578199302,-0.6469905228454964,-1.0700899392743772
2013 TK228,7.425451152291098,1.0869186041968528,-0.24449014912139966,-0.6218235879611425
2013 TL172,6.927832952197528,1.1002273464521555,-0.43532603712241913,-0.48574883276232284
2013 TL187,8.53159853531915,1.0843552838869146,-0.16962490548103612,-0.13936780261825413
2013 TL227,8.205125547422147,0.7282767789657757,-0.1283512099076373,-0.0620921987769748
2013 TL228,7.218826579285656,0.363421417583204,-0.13060854706346886,-0.30357778459529206
2013 TM159,6.698080079614462,0.9045528704619809,-0.3263496133431495,-0.4870742142786304
2013 TM172,7.7525513973810565,0.6703125976500234,-0.11982907608579034,-0.2959809156542099
2013 TM187,8.276416479994412,0.9302981198392446,-0.3503358799529275,-0.44101824945974
2013 TM227,8.659720027196345,0.3886975044434107,-0.3914515679735391,-0.8236350873102647
2013 TM228,7.739731813499384,1.2477717270147215,-0.09810223477155465,-0.406699618677635
2013 TM229,6.634893131781714,0.8566220888757191,-0.21338934607665716,-0.551142502947363
2013 TN187,7.768630029932071,0.4576604602692103,-0.3107899321535609,-0.348687013027687
2013 TN227,7.118149449996713,0.6248855292775922,-0.477984002331216,-0.43126078329819123
2013 TN228,7.693766735344154,1.0897293269207788,-0.40045195684716056,-0.7858724750166649
2013 TN229,7.786653278211878,0.7407125771932443,-0.1874149775124294,-0.34205619343080074
2013 TO187,7.976371927147502,0.5290277236745713,-0.20554397960617343,-0.3635796510839504
2013 TO227,7.005984383915537,1.3326465640568907,-0.3248989955698115,-0.4754499461418161
2013 TO228,7.212731241156684,0.874382257102469,-0.5888295716128483,-0.33185857462733853
2013 TO229,7.219748302526719,0.915272546986898,-0.22256052806652413,-0.5141125114063274
2013 TP187,6.9792609021397904,0.9083038532607877,-0.2747703914390504,-0.3094977301277982
2013 TP227,7.61836701731419,0.5233183350791089,-0.2093860407891878,-0.37909355674195916
2013 TP228,7.026283195506993,0.9365837817526047,-0.4573746100208274,-0.7041598519366786
2013 TP229,7.82626107159818,0.6863313633881992,-0.21831428721866677,-0.23638999033681474
2013 TQ187,7.089755912425991,0.6502720426586589,-0.2557047033691999,-0.353109428790781
2013 TQ227,7.854412544162075,0.3220999157900056,-0.2610292040346682,-0.4152036911741809
2013 TQ228,7.914294467534459,1.1368592882688913,-0.4134656395743834,-0.38096464100448496
2013 TQ229,8.098090388736436,1.0092930570532144,-0.43285442913976313,-0.7528501674316375
2013 TR187,7.571016820289175,0.5455203285335614,-0.3257508992280633,-0.5543559072326679
2013 TR227,7.70073887228275,0.648741153273944,0.0030131426552717066,-0.35069395597082786
2013 TR228,7.259363688269536,1.2425735608005537,-0.2582136269938072,-0.358081678821932
2013 TS187,8.602230248933298,1.1959162472002842,-0.4659972573612057,-0.44185347235625433
2013 TS227,8.18180747587895,0.5942745581880798,-0.3617920713419962,-0.3972687394656368
2013 TS228,7.4605108484511735,0.9741045026052044,-0.3374446738975986,-0.5177004024183823
2013 TS229,7.5596150839405905,0.6286958740545728,-0.5369676043974266,-0.6734466447763013
2013 TT187,6.98159702200317,0.7573054406920021,-0.19476024331249187,-0.18344934598375612
2013 TT227,8.315780393407552,0.6810125681729863,-0.4831810762871462,-0.813132506160895
2013 TT228,7.842901528089653,0.9814275259454108,-0.11321199981894045,-0.1464662981031851
2013 TU187,7.856135227306639,0.5672396922659947,-0.1648398389918357,-0.4380148214221333
2013 TU227,7.83223713428527,0.704524108112805,-0.2739309562091257,-0.45147892530256706
2013 TU228,7.096227718978424,1.0125933489517331,-0.3955280264308966,-0.6521588443252863
2013 TV158,6.372401232810246,0.7857994580443352,-0.25090612373523696,-0.4172750696054186
2013 TV187,7.0596673214790275,0.8080910647560332,-0.14802957593965227,-0.38932641358946446
2013 TV227,8.231698603452775,0.8266938752176799,-0.3132360623113084,-0.15121072441676925
2013 TV228,7.51399422928152,1.0907179239658684,-0.36298304515029717,-0.3883028107155953
2013 TW187,7.586239052198133,0.8679508291337314,-0.2802554235857023,-0.5842880140691783
2013 TW227,7.917840346259579,0.6779563886604297,-0.3524924813903591,-0.3724734284335863
2013 TW228,7.534572317118828,0.7616014095821677,-0.5351490217774798,-0.8157030876189241
2013 TX171,7.391274278549725,0.9530488112745846,-0.23086910003587777,-0.2794384526571055
2013 TX187,7.078070949688934,0.9673271742035177,-0.2751269223107637,-0.40904247924341997
2013 TX227,7.858545756665231,0.8113349750838741,-0.255154175758929,-0.0831032237614977
2013 TX228,7.55946571289862,0.9189756825704708,-0.46185566455384175,-0.6888697146510054
2013 TY171,7.2899897789002726,1.1218361159508632,-0.31297844992750135,-0.5641340182377013
2013 TY187,6.536200274200935,0.9966353281760035,-0.22614292533872427,-0.5123133070242176
2013 TY227,7.945864025573739,0.48168760434903535,-0.3564337205428743,-0.35855114556471673
2013 TY228,7.000308609342985,0.9792182305047228,-0.5685721665207993,-0.45990694671191107
2013 TZ171,7.279310478674427,0.4607735134064759,-0.2178150772430177,-0.25996215745728884
2013 TZ187,8.19876101299768,1.2706559921860006,-0.40253395520049434,-0.6727749076673251
2013 TZ227,6.940444272609108,1.0786118539267224,-0.19228578313989875,-0.35019914089503595
2013 TZ228,7.5209067700457,0.845730758364181,-0.20704595385361263,-0.28734757254972737
2013 UE31,6.540013187630171,0.5085082128732519,-0.16468581777856478,-0.16367821650089134
2013 UF31,7.960168961355185,0.5432910352127246,-0.29115493693393935,-0.48687826638843207
2013 UK15,5.9322078825094895,0.8053161151192745,-0.29569270770708267,-0.5754869706096172
2013 UL49,6.517913738922259,1.1757410979482747,-0.2491249197072861,-0.3835701919621054
2013 UM17,7.431238274287006,0.9772665326260497,0.9074757964924101,-0.458080270660666
2013 UQ15,6.322454224894097,0.4347255185324221,-0.21270347515684374,0.0667428264974196
2013 UT22,7.18885244838973,0.8910336492633653,-0.4357821856341941,-0.6543123057875273
2013 VA72,7.970468522188879,0.5091067868921032,-0.2903558283743219,-0.42418302647457934
2013 VB72,7.189755460615894,0.5922948818485985,-0.21388189669265834,-0.3074854902946761
2013 VC72,8.683807159338299,0.6890083276674254,-0.23133832460076684,-0.28741177252335637
2013 VD72,8.51289592757149,0.6638051881042492,-0.30398738702250017,-0.090914548895559
2013 VE72,7.903557961610806,1.0709656417414513,-0.32458809836378455,-0.5226103894211007
2013 VF72,7.155218840717813,0.5759771540202414,-0.041142204507372354,-0.5613841347791675
2013 VH72,7.7966185109027055,1.0049911248925294,-0.20645059669709825,-0.2655780876047222
2013 VJ72,8.054037419003093,0.8412651193449385,-0.34539818885543255,-0.34874361006884436
2013 VK46,8.537828246489093,0.6137767142594078,-0.36124781865599775,-0.5974435341383765
2013 VL46,6.5847186443159575,1.069162361919236,-0.37607705750976284,-0.6844034625639841
2013 VM46,8.523269588673697,0.6791242565268467,-0.2904406236023739,-0.6058885080316592
2013 VN46,8.439271687754454,0.6913776377511137,-0.31259555837982483,-0.4514640663803225
2013 VN71,7.16192859147011,0.85858605400887,-0.2405794457506484,-0.22723267284909834
2013 VO46,7.763959748683655,1.1187754804498282,-0.34723297282150195,-0.22876052513081663
2013 VO71,6.824286006036134,0.752406510849759,-0.09086215058927798,-0.5050954824997755
2013 VP46,7.824356381369283,0.6525515175315438,-0.2752819275584719,-0.7209926187026935
2013 VP71,7.625328236732381,1.1638211638835245,-0.5309321586134339,-0.6799324039239334
2013 VQ25,7.779216731029441,0.7010761528723969,-0.2747339255397922,-0.5149141681312719
2013 VQ71,7.519285621287947,0.8843991763697128,-0.5186233244621632,-0.9550077746790032
2013 VR46,7.104575061360711,1.2445281784719584,-0.1520231409562836,-0.41724434546340494
2013 VR71,8.984761571343695,0.9368433685094144,-0.7025359699750316,-0.49860462997337
2013 VS46,6.752277948318669,0.5464700946919065,-0.3316129547546566,-0.5257144896608172
2013 VS71,8.887460707617903,0.8545220577778434,-0.2611879801861698,-0.21232745119815177
2013 VT71,8.576997098326872,0.3816650456741808,-0.3668044454306273,-0.7082368162634373
2013 VU71,8.568118348182976,0.5396462707374594,-0.31827658851298274,-0.5685574261574362
2013 VV71,7.781474462860293,0.5610156850910353,-0.28171312491230954,-0.6785574410599263
2013 VW71,7.154955642840251,0.9395271085203101,-0.5728254967396665,-0.5939279223647277
2013 VX71,7.590778163710366,0.7833341878173987,-0.36299219905028574,-0.7774168167803481
2013 VY71,8.339403477308567,0.6351513041962314,-0.13503112086387936,-0.3795687788448812
2013 VZ31,6.399813907214886,0.7375840817324365,-0.1834833789743851,-0.4005635512065819
2013 VZ71,7.989948491913728,0.5520626535735305,-0.21235285682221483,-0.2685107369245238
2013 WA139,6.927137200365463,0.7965593799858416,-0.3098615954267991,-0.5354472294452718
2013 WB139,7.5608008543221015,1.230140515617516,-0.3050713726625826,-0.6867228724662549
2013 WC139,7.636545304412843,0.8846801899392933,-0.3654608855684769,-0.6631703448125209
2013 WG114,6.741813551523508,1.148494987526642,-0.33347217284220854,-0.5428082615175507
2013 WH123,7.049725273112026,0.5535706130507438,-0.28803108153530377,-0.3335872367601486
2013 WJ123,7.768453575493739,0.870566349799684,-0.28443841545433013,-0.22223364412964408
2013 WK123,7.6956651681755535,0.5126888266637477,-0.11825133738865465,-0.37352656527039874
2013 XL40,7.5377405442560725,1.0404188251054274,-0.2807479911790022,-0.5459802869750942
2013 XM40,8.46288304150057,0.08812589260244179,-0.06055715526154599,-0.1557340077444903
2013 XU33,7.587111333947204,1.3679914989869417,-0.4336787502217366,-0.6732989836688461
2013 YD169,7.6726229509802035,0.499174407592685,-0.3296008103001729,-0.5463090021764415
2014 LQ28,5.7138141472305914,0.91243837724814,-0.2648695962444348,-0.30408890149480533
2014 NB66,5.4817045618287725,0.7805558437212663,-0.23194278890515946,-0.4105951962779177
2014 OB394,6.200178704020535,0.6047293568660279,-0.19443436296098895,-0.2559381938645219
2014 OD394,5.55628353321748,0.6907366093474684,-0.28569070002418007,-0.3939062330932173
2014 OM394,5.970766709453537,1.075567684174523,-0.28596169861845167,-0.5623624021826114
2014 OQ394,6.899440220929881,0.7377185489183213,-0.24624848707184177,-0.4663697046281974
2014 OR394,7.1374832255533445,0.663198567929646,-0.2568511769416155,-0.359129081978096
2014 PM82,6.618208175302419,0.8928316065037728,-0.28578362167957577,-0.4428753010132097
2014 QA442,5.1993553543442435,0.4401355814111701,-0.0730373540185711,-0.09427597118210022
2014 QB442,6.303752801871431,1.1391441683895305,-0.39746144231107505,-0.5928583752168474
2014 QC442,6.067661927982437,0.9710622918630145,-0.46422430201772646,-0.680666611936041
2014 QE442,7.080299860910431,0.4839906888822639,-0.33072813305162213,-0.5520253375319621
2014 QF442,7.605034793910237,0.4944377668986665,-0.24253099902097638,-0.2507924767644715
2014 QF562,7.927420836904728,1.1445350847064923,-0.38692204310226963,-0.5698209132471379
2014 QG442,6.670731072496496,0.45933438468411847,-0.16126705820630605,-0.21578990807548099
2014 QG562,7.672287359199705,0.5700067065690723,-0.26975179376680253,-0.41452894276107444
2014 QH562,8.053020960000966,0.7100491002828124,-0.2957774917558991,-0.6689408541152754
2014 QH563,8.270875200624333,1.0054166284316808,-0.2286013358731344,-0.5334758801149847
2014 QJ562,7.732220576549269,0.8443570618525024,-0.5136465422253603,-0.8770856636550041
2014 QK562,8.296741911073285,0.6909329267481314,-0.052710071299261835,-0.4626385487390172
2014 QL441,6.536887336469404,0.7978652684485796,-0.31014403404459334,-0.5396407518649593
2014 QL562,7.100187933950638,0.5133298614064522,-0.21990057578828823,-0.2556558662787916
2014 QM562,8.195517238663284,1.4991737068342008,-0.5983645900023044,-0.6004681955549188
2014 QN441,6.714707291249061,0.9006635635915299,-0.36502221342459945,-0.612322953508532
2014 QO441,8.007620891662969,0.5126735053040726,-0.05722263343434919,-0.3828846845910451
2014 QP562,7.663503287704936,0.6672237704867351,-0.16956682045199173,-0.5319297042107175
2014 QQ562,8.009136309412652,0.7716562634806584,-0.20418938985898305,-0.3900014396127573
2014 QR441,6.9627539660754305,0.47985412008929906,-0.3669135838740538,-0.5086879374260947
2014 QR562,7.314988004634801,0.6221021435350459,-0.12953113966953536,-0.18101374465689654
2014 QS441,5.515457701919972,0.3263922825208237,-0.10589320711918926,-0.16390333412964397
2014 QS510,7.997355464492193,0.6062844378839545,-0.35611019023383256,-0.3249027724542796
2014 QS562,7.121059625325577,1.5936147531249059,-0.263209490565544,-0.23264098394191557
2014 QT495,8.713218235404321,0.764969559058586,-0.3324685524179426,-0.580713292892808
2014 QT510,8.008728406253786,0.5856719396198944,-0.2635400997231208,-0.2865206944284565
2014 QT562,7.540523750946379,0.49376067472944907,-0.20874720132449795,-0.38732660323634793
2014 QU441,8.071189144365649,0.6737540211305829,-0.37733959873477035,-0.5993919153183119
2014 QU495,7.90290564801464,0.6619273954281706,-0.2714598130003412,-0.35098525854551194
2014 QU510,6.841374703382423,0.7960654475681149,-0.2669642010239179,-0.320924803257729
2014 QU562,8.378861376037827,1.0003212411684537,-0.15165241523461762,-0.4996144623108911
2014 QV495,6.945408182730782,0.597245597733687,-0.24724568251775897,-0.4687280648977932
2014 QV510,7.69351579216322,0.6822597027782796,-0.04250571896695459,0.014269611003860302
2014 QV562,8.161741352139527,0.544605637167699,-0.5422027845997576,-0.49002863714169853
2014 QW495,7.874109733381614,0.581369190148386,-0.29362032005768984,-0.4977872789590164
2014 QW510,7.511913765476633,0.6130858611410589,-0.23835401387970684,-0.3884109798756206
2014 QW562,8.002492442713818,0.8251880967020775,-0.06761623849013729,-0.09524889059263437
2014 QX510,7.100286841340752,1.0857680087818433,-0.37984497312776566,-0.43311871138186936
2014 QX562,7.859406782126355,0.7446115490312074,-0.014742352655268682,-0.2851987895523389
2014 QY510,7.855357548075959,1.0348249258752045,-0.3887743973788507,-0.5470578778697451
2014 QY562,6.821711456544657,0.6732386569744585,-0.29462579408087514,-0.7508133400558968
2014 QZ510,7.718180427700949,0.6964766507713528,-0.17887521910118326,-0.32647773439247574
2014 QZ562,7.680614598325169,0.36002252011563546,-0.30751587868909946,-0.8035209426709075
2014 RH70,7.555573837182207,0.5665742227630376,-0.2672251452671337,-0.3457663427774947
2014 RJ70,7.152533945476593,0.7051461648726369,-0.2827983744724265,-0.31905160052044534
2014 RK86,8.059976075160295,0.6397409782124033,-0.19788698560590165,-0.6015156679691912
2014 RL74,5.938340752149786,0.5980152108330569,-0.24133612578011537,-0.4120220636469554
2014 RL86,6.836331083391238,0.6363342060583876,-0.16653791591744607,-0.32832649973855305
2014 RM74,6.867472499775511,0.696599394486083,-0.25721273328584354,-0.24393705042149688
2014 RM86,7.923567387884157,0.5031396718269886,-0.15460481136465767,-0.5535158886470822
2014 RN74,7.91166865856186,0.5181716747502377,-0.13514621090408083,-0.24797245166411294
2014 RO74,8.374886709060261,0.7045550967626857,-0.2340702045073645,-0.3424091348701842
2014 RO86,7.266938066354024,0.8444061839290851,0.3285167857002531,0.30503039164900975
2014 RP86,7.498671840647779,0.7179207833743622,-0.17072626335093893,-0.3655050131973648
2014 RQ86,7.950446011652103,0.8142307597114233,-0.020577889906904373,-0.41552713943802216
2014 RR86,8.023461952934616,0.6673592587711697,-0.2273056806270152,-0.17690899532269735
2014 RS86,7.500605178728565,0.4603774971138006,-0.5954716445780129,-0.6154245779758778
2014 RT86,7.885596265158162,0.9456634180376947,-0.26865628344800835,-0.20217840921554744
2014 RU86,7.0701635531028675,0.7693495454069882,-0.26626404176713214,-0.29620223147728303
2014 RV86,7.913819689592815,0.5941214479437328,0.14991423424241257,0.3614604322226287
2014 RW86,8.734057869664051,0.5447080329179161,-0.34115002877480005,-0.19981081235265227
2014 RX86,7.7304956890661725,0.9727816236039818,-0.4246424017642258,-0.48560935607313693
2014 RY86,7.995343236738551,0.6088610745115476,-0.1848057597590158,-0.1670709006575662
2014 SA374,6.807679808683931,0.613021693879192,-0.230812278951589,-0.397150904811008
2014 SA404,7.990250417504784,0.7467646188907306,-0.46118706236146423,-0.49432809842359676
2014 SB374,6.998035617790395,0.3536253379027614,-0.14139243336866675,-0.3277356810311639
2014 SB404,8.18757736999015,0.4636090152600531,-0.0306602818717558,-0.395750304208748
2014 SC374,8.05855873044458,0.6534109626280318,-0.0369623297972216,-0.2264767468292921
2014 SC404,8.78938674440379,0.7816952513525827,-0.020558551815998135,0.09663953516977751
2014 SD403,8.11392049623227,1.067909049070209,-0.3766771334339927,-0.5066127398199992
2014 SD404,8.644110027511813,0.7615213014346377,-0.1568212784706882,-0.2241236975723367
2014 SE404,7.345532306645778,0.7049461836031438,-0.3611782427687768,-0.40510105145184877
2014 SF404,8.086386654896886,0.7502324322169557,-0.21606487545917866,-0.37294683612804463
2014 SG404,7.880888362915135,0.6407103824363899,-0.4432119270705742,-0.5330654042087851
2014 SH404,7.396956223093001,0.4864885638409463,0.0298667881848105,-0.5703421765366422
2014 SJ404,8.570596233075841,0.5999683203821331,-0.2813024589808645,0.033651746413534495
2014 SK404,7.976755582392967,0.6991761009370026,-0.17855387608515327,-0.4201723373095206
2014 SL403,7.528777023106587,0.6944181177923179,-0.05357423284466409,-0.44564072188080395
2014 SL404,7.5044179057277685,0.5522749246862032,-0.3793619973607326,-0.48866007767001024
2014 SM363,6.672316724821288,0.7507681447007446,-0.35213791040614906,-0.6563717905149109
2014 SM373,7.355415116620238,0.6936856350756696,-0.24249086466135292,-0.5038957691829916
2014 SN350,7.411693388984139,0.585941107855018,-0.18250056692582894,-0.3003733079929768
2014 SN363,7.090286999672413,0.5083027497568223,-0.13357750360387524,-0.29885275878411277
2014 SN373,6.53390780007849,1.0299773960687086,-0.1401015215469052,0.1976344407740493
2014 SN403,6.49798063758824,1.0109501969819992,-0.35347897289573843,-0.7446483083177976
2014 SO350,7.874779624494055,0.9029806872302404,-0.5950523816727752,-0.7866278032083021
2014 SO363,7.534993910153924,1.4137228205975416,-0.5396857101145885,-0.7471693115028253
2014 SO373,7.039462846442719,0.5174463518150156,-0.23012276022212885,-0.20751456791685685
2014 SP363,6.196768618416231,0.7333104647652818,-0.33461438736161303,-0.46527668003903905
2014 SP373,7.024567344539983,0.5600003615937527,-0.18773543403688545,-0.3709273972452477
2014 SQ350,7.068627434597994,0.43303164424421053,-0.33013277800418767,0.06704190346733972
2014 SQ373,7.002201832661294,0.973430638155728,-0.4501711841446265,-0.5777446266175221
2014 SQ403,6.440906498217876,0.6420741016496209,-0.3619478582019253,-0.36183838263954915
2014 SR350,6.5587353473385175,0.6750399975364346,-0.3787143681699753,-0.6607887593647724
2014 SR373,7.5226938214157375,0.8672086764981358,-0.1582048817917034,-0.5150423683629408
2014 SR403,6.090719434592225,0.5547466122588939,0.012243048062686274,-0.389173654656163
2014 SR404,7.341377886920414,0.6126272888503546,-0.20384535107216709,-0.1794962759302027
2014 SS373,6.479402150602377,1.0327850041301587,-0.3410649726038906,-0.7516709756639302
2014 SS403,7.597910573794005,0.5194783069631632,-0.12591912110066814,-0.37912171542769596
2014 ST373,5.355426076850863,0.5364805120874663,-0.12486510743223289,-0.2996845095404545
2014 ST403,8.028377348038203,0.28606804769544897,-0.3519971472141003,-0.4097479011554877
2014 SU373,7.671868295284943,0.7057416656818747,-0.26446734700758273,-0.2640707154664059
2014 SU403,6.965686103880659,0.545327466243164,-0.0899867068253288,-0.38519318380890466
2014 SV373,6.744653105040262,0.5453335185409549,-0.3827981893296606,-0.5025941249344734
2014 SV403,7.416132646666872,0.6757742460844304,-0.2648725341053494,0.015393357757148939
2014 SW373,7.1342316087133515,0.8275535386006054,-0.30078442864307003,-0.48993033504249656
2014 SW403,8.027557857445982,0.4933532716742687,-0.1621210156204054,-0.17045794242286738
2014 SX373,7.633378724675529,0.6492617258682201,-0.02616022447853066,-0.18613889387969496
2014 SX403,6.986203203514416,0.7439501497790638,-0.24078128678683045,-0.4737982812722049
2014 SY373,6.864726776425938,1.0108613520767253,-0.28133327622709436,-0.30946123036207757
2014 SY403,7.487123726709042,0.7291246719890832,-0.40121042243792676,-0.4213694954284408
2014 SZ373,7.063451284526744,0.7966393298620703,-0.24765136936816431,-0.3867627860950169
2014 SZ403,7.787632325057368,1.06455894777108,-0.1049065975223301,-0.46910498927416105
2014 TA115,8.1585945672637,0.4745629183736802,-0.20020926838632078,-0.3645302264376035
2014 TA116,8.33550081180181,0.5414691854047375,-0.412401114678128,-0.2473687222411347
2014 TB116,7.918581734291601,0.6672757339765962,-0.0818217219388531,-0.6014278995527806
2014 TB86,6.58770524393387,0.5364772226717488,-0.21802027839955868,-0.32615307152493705
2014 TC115,7.309145294921413,0.7601115334004752,-0.11855253240671836,-0.04525980360241312
2014 TD115,7.645661317585988,0.6454605757228156,-0.22339312084223786,-0.10724346875613835
2014 TD116,7.395655907588397,0.9532679334580887,-0.5130035460383366,-0.5164707611593774
2014 TE115,7.5105444682834435,0.8893066066440093,-0.4315222233491533,-0.5401525201556597
2014 TE86,6.847510192906499,0.461557424965763,-0.07514006658526547,0.12190320712183213
2014 TF115,7.397439755545593,0.8441756941392782,-0.2515578436874181,-0.2510975930711073
2014 TF116,6.7723716263634035,1.1519971567581608,-0.2722918196198498,-0.6494575957865638
2014 TF86,6.816015896703879,0.8021131439636571,-0.3676560577811198,-0.678428544009793
2014 TG115,6.946057960211329,0.7690500026050089,-0.4230881899765262,-0.26184831723660335
2014 TH115,8.560460516160349,1.1009911797373007,-0.4902982438679465,-0.5938539749111571
2014 TJ115,8.572959372419161,0.5071847540635696,-0.1804661884024034,-0.4629038544514676
2014 TK115,8.224975579471328,0.8155672610908333,-0.21859422189922176,-0.5220242339945473
2014 TL115,8.100100890873131,0.5017431762684595,-0.2007298816455435,-2.1275743120086785
2014 TL95,7.836753157812387,1.0585114008722958,-0.3915972742935252,-0.44807439190764575
2014 TM95,8.007353949651614,1.112253809179484,-0.23025182636019842,-0.49403143891239776
2014 TO115,7.58953068898874,0.5308226800928645,-0.3015814887892504,-0.44842461656773364
2014 TP115,7.9701298034520836,0.4909606066916521,-0.24482966690026026,-0.19445620829963203
2014 TQ115,8.185025621307394,1.1768611263683142,-0.278049732145863,-0.7048717499870054
2014 TR115,6.447184353965669,1.1225628437716921,-0.05053657817698604,-0.40774204059817765
2014 TS100,7.065275972594341,0.7464304356282536,-0.30341132958848704,-0.4992845385392225
2014 TS115,8.111407793721645,0.8341357263987198,-0.1292703083924968,-0.3127589411187243
2014 TT100,7.814694257649164,0.6399489122589823,-0.2545366660500026,-0.23041940704344366
2014 TT115,6.177590703991106,1.138605809608385,-0.5363527511387318,-0.5851940254295335
2014 TU115,7.96778966800626,0.7643062689486478,-0.37598458420417535,-0.4014344715575325
2014 TV115,7.816525836344892,0.5773300003086623,-0.20139136500581287,-0.5563400327746392
2014 TW115,7.615416995891609,0.9173136985021448,-0.3459215951112786,-0.6884170325572133
2014 TX115,6.539417819149465,0.6019946951465343,-0.14627118640353615,-0.4359600096992604
2014 TY114,7.517016556882185,0.6760907073001793,-0.458556514422716,-0.4359959645003545
2014 TY115,8.075496930077039,0.8118354692807315,-0.5820719522152628,-0.30364207201288385
2014 TZ114,8.215507969339727,1.095548426774262,-0.3888990351485712,-0.514053336399742
2014 TZ115,7.233581442509566,0.5025883281961978,-0.05730710152540218,-0.31349834106414476
2014 UA225,6.800392596382055,0.9957699286733507,-0.3169955026251802,-0.4948603131475461
2014 UA277,7.703806757213359,0.7090122342244286,-0.07381389479703898,-0.48325650990452473
2014 UB277,7.884459721576663,0.7778458645937042,-0.27081471388435635,-0.36879012558187935
2014 UC225,7.566638063192508,1.013503506868665,-0.25873184416730804,-0.5436836219445844
2014 UD241,7.019321788923653,0.7218188467389659,-0.3576451927890087,-0.5329786230584688
2014 UE241,6.6328769747160745,0.7557791080040274,-0.48840052116638005,-0.7652888114660721
2014 UE278,7.577825228897732,0.18328408735028698,-0.5579150076759938,-0.20036870914276803
2014 UF224,7.21406586208745,0.46988468796522953,-0.015511199437323124,-0.10562808713349257
2014 UF241,6.511054213814726,0.8463413807230799,-0.3944849141401511,-0.6403433616887926
2014 UF277,7.176749253491325,0.6364538143154167,0.012819544068577977,-0.3649826536340736
2014 UG277,7.949925850698657,1.4315501923850402,-0.37488586792473094,-0.3626115957820767
2014 UH277,6.632943108654777,0.7802312925390705,-0.038136504929358044,-0.25028153636190015
2014 UJ277,7.1177324845280285,0.707154877936116,-0.5274899785819561,-0.8465606292970125
2014 UK277,7.5897462796564295,1.092096029107841,-0.2757180604891363,-0.5918320092192485
2014 UL277,6.511693805514705,0.779100179936306,-0.09487785095891856,-0.35123152194124707
2014 UM277,7.955380629340366,0.2047004691731291,-0.3406269970380998,-0.6184383040535012
2014 UN225,5.478350651464618,0.8656164591556245,-0.2900394683627053,-0.3479129017109134
2014 UN250,7.410987165676731,0.6124621174114553,-0.021540944263781,-0.21475985720410043
2014 UN277,7.439518472083273,1.2992505575061415,-0.6557780764990995,-0.8838739543783105
2014 UO250,7.280186589302895,0.8357102415367835,-0.08747592761862737,-0.32477739680403145
2014 UO277,8.652082980154377,0.3817565068914404,-0.3643906952086825,-0.28059887334871625
2014 UP250,5.953386609643173,1.0081822438242292,-0.09173302504523154,-0.18988657154723665
2014 UP277,8.818918624712767,0.5049480813976306,-0.22182169395762602,-0.47673526994631715
2014 UQ250,7.437666803764914,0.680819895807316,-0.23679857748160504,-0.35636067352471046
2014 UQ277,7.4511914943958875,0.5017139818067541,-0.2818069161993444,-0.08358272674047108
2014 UR277,7.675494404831108,0.7663141649311184,-0.037415260471224454,-0.16613133946626737
2014 US277,4.706488732676027,0.9619487757112306,-0.2232159102593832,-0.6129891614474096
2014 UT277,6.7303333153373455,0.8613426127510864,-0.42451991646646287,-0.5549111683310397
2014 UU240,8.112583636616845,0.6244965743909843,-0.13866707300490533,-0.1676019034570293
2014 UU277,8.1262242823413,0.6713679329269377,-0.5310622516143965,-0.6468823543628118
2014 UV277,8.062712573562555,0.5561764042654386,-0.3922298852294338,-0.6208053763658263
2014 UW276,9.061133607485301,0.3455366819377064,-0.5382920193897831,-0.0895321550668632
2014 UW277,8.759809974385123,0.7002096270388724,-0.06216032934938242,-0.4203710924781517
2014 UX276,7.4387344214035505,0.9586130142532798,-0.5497163923561645,-0.7071557368195007
2014 UX277,6.924646505150145,0.5354537586117635,-0.273511963803657,-0.07005109515327157
2014 UY276,8.196771652901,0.7284413996433046,-0.23355448547298593,-0.13730192426278798
2014 UY277,7.816537339235024,0.57684722030925,-0.21453240559479284,-0.5583891785314075
2014 UZ224,3.330771066677615,0.7516997322367973,-0.2962199342683556,-0.5009807316337781
2014 UZ276,7.599830410293892,0.8773480214881716,-0.31194547096611475,-0.24475469389291538
2014 VB41,7.227642931369369,0.8639140986836866,-0.3372447047729419,-0.6866642366689577
2014 VC41,8.156448417016984,0.6391748752012635,-0.24200660750091632,-0.41885684522830324
2014 VK43,7.4367227680396635,1.1832018161652293,-0.528928838834492,-0.45948634420582213
2014 VL43,7.282043378347739,0.9485415265553846,-0.3103491112866728,-0.6004551249745047
2014 VM43,7.459471553898231,0.3066646631481268,-0.4877808378923849,-0.7244821640942081
2014 VN43,7.702588099414571,1.2136570865862748,-0.2096809983093886,-0.27944796467437544
2014 VO43,7.1127215593796524,0.8982573377755556,-0.3105555630721052,-0.11755203952557815
2014 VP43,7.060837417141412,0.6064919762803238,-0.2757006983537607,-0.32476805687808197
2014 VV39,6.47481268882448,0.8572132708219081,-0.24650627548479181,-0.5722655822723057
2014 VW37,6.986120934644143,0.5864479391150728,-0.1884723112592492,-0.2289944850791912
2014 WA556,6.147538225571116,0.769674904953512,-0.2599378270254967,-0.3349504368068893
2014 WA602,7.362705532752438,0.5856685785599567,-0.43546668017875534,-0.30335888984093506
2014 WB556,7.172006006720567,0.644962104263865,-0.27377753137165517,-0.43764908050670703
2014 WB602,7.964667610648098,0.5323497845315904,-0.2850190139055565,-0.6899507450473241
2014 WC556,7.306483948099467,0.6384117026986241,-0.26643950217953305,-0.5808863380726207
2014 WC602,7.9650460155756,0.45563955660954963,-0.20646795471452808,-0.2847085634233662
2014 WD536,7.798368187685204,0.589337159124674,-0.24940671820388924,-0.37616804521938746
2014 WD556,8.393026197945835,0.7753978185045995,-0.2598202628665983,-0.4870682178037701
2014 WD602,7.7830334847321385,0.49841050524274016,-0.2916993852829448,-0.6578279674384161
2014 WE556,7.753506309124626,0.5328634251170266,-0.2652889047113212,-0.4943341485974756
2014 WE602,7.9911016965440975,0.594288072374799,-0.4457011380405497,-0.4282941825772257
2014 WF602,7.556845718569486,0.5318457330933993,-0.077105686752586,-0.3853555013249016
2014 WG602,7.4407984785451955,1.0416377527917602,-0.22411550412235964,-0.3291465345374679
2014 WH602,8.509386997139261,0.6724227523089117,-0.22270169797986286,-0.3507041848859169
2014 WJ602,6.850614740917974,0.7504661121241886,-0.18206600849173654,-0.023285325110011457
2014 WL602,7.8751491744577375,0.7326958379925999,-0.36710648257453854,-0.0037272098248814366
2014 WM602,7.602462211978947,0.6728717482618557,-0.03913119889220055,-0.2511886904812686
2014 WX601,7.52904211899836,1.1937813171858835,-0.47938610180334207,-0.8866034885104389
2014 WY555,7.136403421607243,0.5657193117720122,-0.2875535590762514,-0.4436933881606692
2014 WY601,7.698296334617295,0.517123067020094,-0.3793917872248316,-0.01987808099184901
2014 WZ555,7.025132796462769,0.4714298486380996,-0.1384479947618264,-0.30738239299306896
2014 WZ601,7.557097270565707,0.7578974259402511,-0.11562341899432904,-0.37118959237497573
2014 XA48,7.048263873327018,0.42581840357360595,-0.11788419745146543,-0.07186123708987463
2014 XB48,7.407078482520996,0.6353505606110599,-0.2998589038213899,-0.48326244301436144
2014 XC48,7.204060606345939,0.963046777551077,-0.34364884763490755,-0.5212429348589085
2014 XR54,7.8416320010169525,1.0822841600365816,-0.15442521338180948,-0.3311597072852295
2014 XS54,7.70546223578245,0.8103494368738519,0.12572484070103784,-0.4132737026372688
2014 XT54,6.897114207613738,0.49834184102261503,-0.22943818819936884,-0.21375292041152857
2014 XU54,7.568147961822996,1.026715294849254,-0.2906732513757063,-0.4006359002481201
2014 XW47,7.308017749342435,0.6509221622401948,-0.4252194034493689,-0.7053571534075757
2014 XX47,7.160983819611181,0.5175807083700641,-0.2548253796199627,-0.19819834458422933
2014 XY40,4.991857913210113,0.6702847718068761,-0.1707510187881739,-0.30374238649559127
2014 XY47,7.087273802812446,0.5373793395792774,-0.11561206792647646,-0.21266634500625076
2014 XZ40,7.4098019354739915,0.4540781765450328,-0.07989090352634054,-0.2952138989546489
2014 XZ47,7.413395748095391,0.8495007677804794,-0.45550150850198357,-0.4594310093049472
2014 YA92,7.88554135415186,0.5431430347148767,0.08228316480818544,-0.20821873140049005
2014 YB92,8.64863231638231,0.700865579768204,-0.25018295474893115,-0.4083436073473648
2014 YC92,5.126794857586988,0.4345350747117412,-0.10267939701015412,0.1900364289589654
2014 YD92,6.741372901175472,0.6954538252591589,-0.3650070276923017,-0.18510963276391434
2014 YE92,7.509357907161897,0.7562432406099306,-0.3729546325570565,-0.3676983594134216
2014 YF92,6.801581356331033,0.47596844351115164,-0.032525704957954864,-0.11504671410396831
2014 YG92,7.588027429753412,0.7535916571558944,-0.3469869305210196,-0.4791593273414272
2014 YH92,8.179340709415202,0.9024971680752296,-0.6078985923807189,-0.44368840578591473
2014 YJ92,8.043582161869411,0.5225102825194098,-0.2918417680028731,-0.5010568042516763
2014 YK92,6.873175200063718,0.5949242014471141,-0.1472658257147304,-0.1967374622918743
2014 YL50,7.037428855602881,0.551862945459361,-0.22494096236630917,-0.42293205769537245
2014 YR72,6.759433632116538,1.0168162104779412,-0.31104580486146266,-0.5605727586501201
2014 YS72,8.212543816316261,0.831755016733921,-0.18635234686081156,-0.4206838895673218
2014 YT72,7.346949918033774,0.7795863439413654,-0.10943672950202099,-0.4480765860353092
2014 YU72,7.3634916418409535,0.6411267195968758,-0.16335788117699304,-0.4722217066123918
2014 YW91,7.621754507234227,0.5677554877569811,-0.19708710495189039,-0.4408829930348914
2014 YX91,8.770577400483942,0.29928311641011784,-0.12044214975556768,-0.0479949464833797
2014 YZ91,8.049384685883355,0.5745221306514439,-0.34888291084501216,-0.03889800944090023
2015 AN304,7.914036830959345,0.5940612804243841,-0.1547229383636543,-0.6909074601690557
2015 AS293,6.282230355171238,0.668000939820182,-0.10719094759138516,-0.24474995287450751
2015 BP519,4.321598238121643,0.8445825085970086,-0.2702178020574466,-0.43139586888633086
2015 PD312,7.823369303432299,0.5398982014030311,-0.1966707099144346,-0.5089725729615919
2015 PF312,6.1917230110833845,0.517993556474139,-0.16579793158183379,-0.1790778303671727
2015 PL312,8.230663414096414,1.0542324890273032,-0.2995416406847515,-0.324369952101724
2015 QA34,8.29369711837271,0.594375334413654,-0.43996851543573845,-0.2055142533440897
2015 QB34,7.562448204879447,0.5072500351348049,-0.3213063478176963,-0.46702241929806365
2015 QC34,7.8772966159525435,0.5615941648008607,-0.01678171205815274,0.3907698946142976
2015 QL34,7.474974694876755,0.7994560944878716,-0.378933511734107,-0.7152860158748199
2015 QV33,8.388525333839647,0.7519511243805966,-0.46989417645680553,-0.42754258413184826
2015 QW33,7.066999954965988,1.5445592065851872,-0.45019131427415815,-0.3757120748193089
2015 QX33,7.5801716512426704,0.48994297761809374,-0.14584428521893722,-0.3911331324958468
2015 QY33,7.451444984835602,0.7472630207681155,0.06777519174438884,-0.4450544406804608
2015 QZ33,7.012200936915567,0.6751251572451293,-0.16587228709041643,-0.1833617996295821
2015 RB280,7.440276541023879,1.0509494260668457,-0.11772782940722207,0.08463634090864383
2015 RG277,6.928263868137458,0.9004998264736117,-0.2855121558897972,-0.39300483474736375
2015 RN278,8.444740089410326,0.6573186443401595,-0.20484630145931945,-0.27551789498207196
2015 RT245,6.839280047620884,0.9453975180739548,-0.3459696946451641,-0.5328933957366115
2015 RX345,7.6926055123358115,0.8424088983390707,-0.4432200720853859,-0.6664689435854595
2015 RY345,7.521602734721016,0.453825177526194,-0.1080271638818472,0.0048054233653018275
2015 SO20,6.692434753425035,0.6861484541447723,-0.3288260055998494,-0.44090741577633347
2015 SZ49,7.687437681587165,0.7809153166462118,-0.21132575820928176,-0.5321714767068212
2015 TJ363,6.748541945870572,0.6886909434210645,-0.3297600729454564,-0.4316958471440449
2015 TK363,6.985292683793224,0.9942731228015667,-0.39035549471485287,-0.4153416588392066
2015 TL361,7.518001383009542,1.0360170834136722,-0.3183396497184735,-0.4705135690494721
2015 TP362,6.986846003453431,1.007644797492824,-0.495838890575382,-0.7480576111333618
2015 TP454,6.79554935550467,1.234475863812588,-0.18317924122063947,-0.32965226405183473
2015 TQ454,8.145190239959552,0.45779983611997405,-0.4450822827419448,-0.3509445278744099
2015 TS363,8.28699035139987,0.7155956785286972,-0.2319455656765008,-0.32268472380108665
2015 TW361,7.15100106485375,0.7306261885768647,-0.25616753821344057,-0.3724235672333729
2015 TX363,7.9133114128988264,0.6699742576947837,-0.1930107929760222,-0.38367453138406477
2015 UK84,6.642305165606841,0.7373101217100987,-0.1659181403769411,-0.46194575649957753
2015 UN105,7.5894887959009605,0.8490334319588939,-0.045321736442693696,-0.3592201686411593
2015 UO105,8.176413380502533,0.4060687387199441,0.0833312225812651,-0.27037733409937337
2015 VB208,8.174246961530828,0.6598139111341098,-0.24790088431837998,-0.09435753516255316
2015 VJ181,7.0847532051964865,0.6093540761678552,-0.21487962367971675,-0.3933838930752126
2015 VQ207,8.918648754067673,0.6278307343552393,-0.2773936233563459,-0.5041840146937482
2015 VR207,7.964652512537294,0.49601521434017587,-0.46854498950096335,-0.6975592985019796
2015 VS207,8.254593242929156,0.9963962455152837,-0.4502532877023403,-0.8841752723942209
2015 VT207,8.040843987855814,0.8025380583573171,-0.22823489793606597,-0.2700970713417306
2015 VU207,7.329108517375053,0.46129708413388754,-0.23037174737983548,-0.39504623230609587
2015 VV207,8.3511330705264,0.3222021444175858,-0.2961268434692651,-0.3106396053536955
2015 XO480,8.624303535247952,0.44742152264464813,-0.1233878821632622,-0.4988229366644497
2016 PK220,7.440204620839035,0.6302296848817107,-0.3013620749198675,-0.03848914990278603
2016 PL220,8.752425586489233,0.5652975253094844,-0.20219656133195327,-0.3512129613680598
2016 PM220,7.769787881888464,0.7314511738094047,-0.08688595879813821,-0.420779031292833
2016 PN219,6.523077536687554,0.9453056928080652,-0.46290910090907,-0.6606378148221862
2016 PN220,7.18962607673482,0.5807763130703337,-0.49597950194061063,-0.5836384739223524
2016 PO220,6.858910290619809,0.745257005890077,-0.07936429764761704,-0.3238574312107822
2016 PP220,6.94546133653172,0.8837271663567889,-0.5019815563977775,-0.6948211135504408
2016 PT220,7.329961228586049,1.1541193077624672,-0.39101638966970614,-0.605060927132193
2016 PU219,8.153455819379102,0.7350731419996025,-0.21793618338121798,-0.35323980807020605
2016 QA135,6.978132927287598,0.8820651454254252,-0.3523708305573003,-0.3875545681518802
2016 QB135,8.038777002423112,2.0708202788313907,-0.4584087784009299,-0.6692763348937324
2016 QC135,7.406298035456816,1.1175839558292282,-0.5980473210648976,-0.3555115661178449
2016 QD135,7.058474333333118,0.6207592879357074,-0.11596004867082503,-0.2302918241235747
2016 QE135,7.635259270121859,0.3788047113803677,-0.2952883827661828,-0.2926543860741599
2016 QF135,6.874181484310549,0.8460226597112143,-0.22748240095377245,-0.07038168833063206
2016 QG135,6.345042712262556,0.3079170840387931,-0.2318145366104054,-0.3508476513850826
2016 QL134,7.683155994974699,1.2131805795473691,-0.610559911747149,-0.7581836738256289
2016 QM134,7.3609346147324946,1.0100983897744176,-0.6039798151212221,-0.7350512782848013
2016 QN134,8.009298715996577,1.2002259626160157,-0.3402486048122672,-0.5559292072605431
2016 QO134,8.966145316325795,0.39123388784124324,-0.3110538203578274,-0.2481739480409871
2016 QP134,6.166973046444804,0.6437708342323154,-0.18288851205133158,-0.21655795998178978
2016 QP85,7.552967143369026,1.0377741908543234,-0.2829119158534362,-0.5473630809773722
2016 QU89,8.022935703941242,0.6760415762012233,-0.3321055468448311,-0.6165329448151984
2016 QV134,8.79442888941252,0.5325252173626912,-0.1698573810019183,-0.08643248061896742
2016 QV89,5.949102651972529,0.5496507748022251,-0.2829372373387017,-0.40210870213074723
2016 QW134,8.023335360611737,0.47515216533733484,-0.24441189109646758,-0.8556478093326897
2016 QX134,6.746572284116587,0.9152798857089969,-0.15716569228406813,-0.4150598428660466
2016 QY134,7.3284794003800275,0.7247345108383366,-0.2142116348062417,-0.6167022579979942
2016 QZ133,6.756269079703602,1.1344403157792804,-0.48139158860249553,-0.4901602079639711
2016 QZ134,7.659183766312077,0.9089632878978935,-0.5533932456435235,-0.2792750615452732
2016 RA82,7.5147054601720935,0.963814459602523,-0.2609988595351621,0.31270821111604247
2016 RD82,8.113751550609868,0.7860568758663306,-0.2857268880800338,-0.59726375232504
2016 RF82,7.7967967929794515,0.49188608809733153,-0.26649510096276074,-0.4405602348244993
2016 RG82,7.4457391959378025,1.291315970656478,-0.3722050016181432,-0.4827916566222158
2016 RH82,7.565442895354051,1.0578933665441754,-0.7225995941824261,-0.6544652935156567
2016 RJ82,7.780916296972601,0.6156720481003164,-0.07268521023961957,0.2508211226702747
2016 RK82,7.915157503427293,0.722981051982248,-0.42671105219880096,-0.6445726281676561
2016 RL82,7.979178687149128,0.44290377994311136,-0.28102966778152466,-0.4631787360406166
2016 RM82,6.941133232638938,1.0713586582213157,-0.3960779336511952,-0.5640265778625497
2016 RN82,8.051576288059922,0.8714244926662,-0.44052237483944773,-0.6466013026807069
2016 RO82,6.50855654116946,0.5519717317894086,-0.07543912103622061,-0.3490311121690504
2016 RP82,7.413846411448821,0.7731420072529844,-0.31434834672576323,-0.5948301153298639
2016 RQ82,7.285257289876808,0.6936124251302197,-0.5130021659799506,-0.8172355072321864
2016 RR82,6.882320331962871,1.2950333243458254,-0.22942204452458792,-0.5081874787556174
2016 RS82,6.835848003363951,0.9161619483254113,-0.25711291211389314,-0.425959727247279
2016 RT82,7.266787773443054,0.5470368322819449,-0.2649568265269588,-0.24649637990497267
2016 RU81,7.45010427253481,0.9981326783587023,-0.21608230415404323,-0.5009984373586523
2016 RV81,7.197211227680961,0.5671458933572482,-0.3743590954810013,-0.5409178833413929
2016 RW82,6.644046905035276,0.5698581768676648,-0.21809112863938152,-0.4813364746013239
2016 RX81,7.5736218508171955,1.1534636891530157,-0.49635486456490935,-0.4749404682370601
2016 RX82,7.527707046638719,0.876121549512504,-0.4120262844983337,-0.3897767599860212
2016 SA56,7.178777999100165,0.5686472271054263,-0.3002452769435086,-0.4305816560083546
2016 SA59,7.7548273699120305,0.9295898956952919,-0.24990277941103808,-0.5362668226427427
2016 SB106,6.900205166887249,0.9654051692494826,-0.49417971720356624,-0.7332266872611556
2016 SB56,7.46147745345179,0.8392607691395637,-0.2250450592506292,-0.4612006718341252
2016 SC59,7.713829208494845,0.5246051507257831,-0.12869572872684454,-0.07734130278547667
2016 SD106,6.707631628262801,0.4282997597042675,-0.37710938405779487,-0.2948775992225338
2016 SE56,7.051186377672122,0.671625865074488,-0.2611940617338556,-0.46834959702514056
2016 SE58,7.435947361479334,0.6773318296501057,-0.015216540825688844,-0.20959336943141602
2016 SF57,8.019600383191216,0.8660324359442272,-0.36143342192905614,-0.7441416112514814
2016 SG58,7.399653615390813,0.7648853350403062,-0.29908365523001357,-0.37716034990741226
2016 SJ105,7.979510716793024,0.4452617569519284,-0.29500499030499305,-0.44691176577650976
2016 SJ57,7.506167653432319,0.5292248040625397,-0.2532754702277932,-0.3272366182009001
2016 SJ58,8.789088132694017,0.39491464361271306,-0.06753984987159581,-0.5350720844652832
2016 SK56,7.256959171646804,0.9208562762455212,-0.35891399894443243,-0.6201218142556193
2016 SN56,7.2332509997398144,0.435749250837634,-0.1763792083349597,-0.025924872441875104
2016 SO56,7.570793393425193,0.8483400189066198,-0.5823869945862384,-0.7323407658266657
2016 SP56,6.42262919388863,0.4298893832679789,-0.2097932744812434,-0.3240148080083292
2016 SQ55,6.805688847805838,0.9604010616527429,-0.44823194583674086,-0.4595174683397898
2016 SQ58,7.91577981440444,0.6480211549138954,-0.19207664017917542,-0.4300454564437328
2016 SR105,8.709142534189331,1.1346532256515147,-0.40835760786373754,-0.670295020023248
2016 SR58,7.816287353188622,0.6583958594824839,-0.18122303833527426,-0.3243312464528286
2016 SS46,8.77321874283489,0.39040828797130345,-0.1537499098816969,-0.4856081820241502
2016 SS55,6.512554648750305,0.7881209963417121,-0.25288806925586105,-0.3772143774830051
2016 SU55,7.814747495906561,0.6727810483745406,-0.14824292523275304,-0.33387367674207846
2016 SU56,7.874707650381067,0.5217089257143525,-0.2005127406576624,-0.050993933899703414
2016 SU57,7.173691814802696,0.7620048155929421,-0.26585626364418735,-0.5613692584369648
2016 SV58,7.925980086483152,0.8313418694165583,-0.25598984093274835,-0.4584382813422066
2016 SW105,7.584270724707034,0.7213857184303454,-0.2538490470376309,-0.762002365331303
2016 SW57,6.955060760747864,1.068395377920402,-0.378722904714059,-0.4600603349333267
2016 SX105,7.792499740019268,0.671197633377183,-0.1675827350093679,-0.47078567676728955
2016 SY105,8.468480865983752,0.2781035996065489,0.1578551195551415,-0.40437259342584986
2016 SY55,7.841928780714111,0.6415294326469385,-0.22821413894550727,-0.12002687850219103
2016 SY56,7.360067936960968,0.44981748656237486,-0.22396976730676424,-0.42541727415129177
2016 SZ105,7.087324964785877,1.120557263760291,-0.3025883348722722,-0.29234215926849577
2016 TA95,7.515882827328221,0.5418057291615532,-0.2038586007192491,-0.4321044727793793
2016 TL176,8.807633035066013,0.5971164886585576,-0.5988234061654493,-0.4408083706280831
2016 TM176,7.460691968075837,0.535950240984729,-0.28382954123273024,-0.47611613508170597
2016 TS94,7.582103755045138,0.6506882459327584,-0.15669352714803508,-0.24212924641402156
2016 TT94,6.637780506799084,0.5801947881911763,-0.1543042504907326,-0.26421088570988155
2016 TW94,7.588572234304033,0.9664259689124081,0.028763851067450084,-0.4665763953169112
2016 TY94,7.1251048006205355,0.92189543462859,-0.325821435884633,-0.599268251271004
2016 TZ94,7.226858687550118,0.9725172867492198,-0.27418628054302296,-0.3736116096096287
2016 UL273,7.906835622659235,1.0041680358775245,-0.186679415188147,-0.1182302114969841
2016 UO273,7.729004977668561,0.794118435398414,-0.6217648299848214,-0.8125523526395829
2016 UP273,8.928910632602493,0.8210822802792018,-0.3742553836269256,-0.4860948496581578
2016 UQ273,6.959558935090305,0.4991980294628986,-0.1393441269196308,0.12640198403945388
2016 WB75,7.958913719161396,0.548593896709053,0.11651092847811952,-0.3331637326403416
2016 XO34,7.778947506220833,0.6301424389319575,-0.2731214678217168,-0.6818585932460277
2017 QQ131,7.959273743609051,0.9556298822341037,-0.2696540820799871,-0.6941633798243937
2017 QU131,8.261489470161974,0.5066068740618497,-0.3194988744998308,-0.28690022540147486
2017 RY137,7.919945325378732,0.892821250023004,-0.19918881439022945,0.21924527396790292
2017 RZ137,7.661738457939846,0.7460501127088787,-0.35634237381536193,0.4987891460403367
2017 SE277,7.782557402043382,0.7264073578043224,-0.15096193803441754,-0.777631397197821
2017 SE279,7.6871451995701126,1.1856515291788925,-0.25303530128931584,-0.43921147172997865
C/2014 UN271,8.159482844562879,0.5570343987622799,-0.08042283504645377,-0.3176306374264016
