,ccdVisitId,visitID,ra,decl,llcra,llcdec,ulcra,ulcdec,urcra,urcdec,lrcra,lrcdec
0,221579000,221579,51.8293429,-43.6458169,51.6802988,-43.7614018,51.6722685,-43.5355979,51.9779112,-43.5299628,51.9870537,-43.7558248
1,221579001,221579,51.8207012,-43.4110371,51.6721202,-43.5266733,51.6643064,-43.300765,51.9688182,-43.2951479,51.9777316,-43.5211083
2,221579002,221579,51.8118067,-43.1769661,51.6637658,-43.2926961,51.6560073,-43.0667141,51.9593704,-43.0609929,51.9682382,-43.2870235
3,221579003,221579,52.1527046,-43.6391888,52.0040891,-43.7552085,51.9950058,-43.5293484,52.3008419,-43.5229084,52.3110214,-43.7488064
4,221579004,221579,52.1430497,-43.4045694,51.9949402,-43.5206635,51.9859923,-43.2947025,52.2906842,-43.2882271,52.3007308,-43.5142243
5,221579005,221579,52.132836,-43.1700748,51.9852712,-43.2862566,51.9763678,-43.0602227,52.2799215,-43.0536576,52.2899157,-43.2797257
6,221579006,221579,52.4766906,-43.6319707,52.3286171,-43.7484848,52.3182995,-43.5225853,52.6242701,-43.515206,52.6356851,-43.7411245
7,221579007,221579,52.4656254,-43.3972752,52.3179998,-43.5138163,52.3079272,-43.2878163,52.6127545,-43.2804906,52.6239307,-43.506518
8,221579008,221579,52.4546553,-43.1629697,52.3075804,-43.2795929,52.2975476,-43.0535233,52.6012331,-43.0461126,52.6123672,-43.2722072
9,221579009,221579,51.8034618,-42.9405131,51.6558205,-43.0562173,51.6484088,-42.8301886,51.9506347,-42.8245736,51.9591494,-43.0506539
10,221579010,221579,51.7950418,-42.7059708,51.6479443,-42.8217411,51.6405818,-42.5956966,51.9416674,-42.5899801,51.9501247,-42.8160733
11,221579011,221579,51.7868375,-42.4715674,51.6402213,-42.5873407,51.6330395,-42.3613047,51.9329847,-42.3555781,51.9412603,-42.5816616
12,221579012,221579,52.1230526,-42.9342237,51.9759672,-43.0504318,51.967255,-42.8243531,52.2696586,-42.8177907,52.2794754,-43.0439058
13,221579013,221579,52.1134162,-42.7000062,51.9668388,-42.8162455,51.9582496,-42.5901536,52.25951,-42.5835467,52.2692086,-42.8096792
14,221579014,221579,52.1040228,-42.4653507,51.9579382,-42.5815992,51.949502,-42.3555166,52.2496192,-42.3488925,52.2591657,-42.5750171
15,221579015,221579,52.4434215,-42.9273284,52.296759,-43.0439268,52.2870397,-42.8178067,52.5895839,-42.8105056,52.6004058,-43.0366517
16,221579016,221579,52.4327132,-42.692486,52.2866009,-42.8091352,52.2769363,-42.5830022,52.5783372,-42.5756247,52.5891052,-42.8017851
17,221579017,221579,52.4220405,-42.4578257,52.2764353,-42.5744878,52.2668963,-42.3483621,52.5671525,-42.3409645,52.5777994,-42.5671113
18,221579018,221579,51.7790734,-42.2358097,51.6330685,-42.3516656,51.6258166,-42.1256797,51.9246047,-42.1197501,51.9329662,-42.3457871
19,221579019,221579,51.7711019,-42.0014275,51.6256268,-42.1172932,51.6184553,-41.8913761,51.9161003,-41.8853635,51.9243727,-42.111334
20,221579020,221579,51.76319,-41.7671114,51.6181919,-41.8829376,51.6112119,-41.6571168,51.90772,-41.6511053,51.9158,-41.8769763
21,221579021,221579,52.0952345,-42.2290495,51.949715,-42.3453363,51.9413009,-42.1192986,52.240271,-42.1125652,52.2497824,-42.3386402
22,221579022,221579,52.0860111,-41.9946742,51.9409641,-42.1109263,51.9327424,-41.8849529,52.2305731,-41.878233,52.2398954,-42.1042436
23,221579023,221579,52.0767314,-41.7601502,51.9322204,-41.8763943,51.9240743,-41.6505198,52.2207622,-41.6437299,52.2300015,-41.8696372
24,221579024,221579,52.411789,-42.2217356,52.2667888,-42.3384541,52.2571913,-42.1123777,52.5562911,-42.1048199,52.5669935,-42.330922
25,221579025,221579,52.4013264,-41.9871577,52.2567799,-42.103826,52.2474118,-41.877815,52.5453767,-41.8703095,52.555848,-42.096346
26,221579026,221579,52.3909731,-41.7526468,52.2470095,-41.8693314,52.2376251,-41.6434206,52.5344443,-41.6357922,52.544925,-41.8617245
27,221579027,221579,52.8400035,-44.327636,52.6908878,-44.4443064,52.6791367,-44.2188568,52.9886126,-44.2106858,53.001461,-44.4361462
28,221579028,221579,52.8271465,-44.0935709,52.6785434,-44.2103475,52.6669105,-43.9847119,52.9752488,-43.9765263,52.9879783,-44.2021739
29,221579029,221579,52.8144219,-43.8593966,52.6663473,-43.9762787,52.6547969,-43.7504862,52.9620001,-43.7422616,52.9746445,-43.9680651
30,221579030,221579,53.1672229,-44.3183771,53.018675,-44.4355299,53.0057455,-44.2100695,53.3152619,-44.2009574,53.3292781,-44.4264112
31,221579031,221579,53.1533622,-44.0844551,53.0052871,-44.2016847,52.9925358,-43.9760366,53.3009209,-43.966967,53.3147615,-44.1926077
32,221579032,221579,53.1392178,-43.8502087,52.9916407,-43.9675161,52.9790331,-43.7417109,53.2862729,-43.7326508,53.2999831,-43.9584563
33,221579033,221579,53.4945064,-44.3084617,53.3464941,-44.426054,53.3324912,-44.2005981,53.6419917,-44.190606,53.6570941,-44.4160481
34,221579034,221579,53.4798183,-44.0747259,53.3322782,-44.1923871,53.3184556,-43.9667447,53.6268295,-43.9568104,53.6417482,-44.1824417
35,221579035,221579,53.4645848,-43.8403937,53.3176381,-43.9581875,53.3037793,-43.7323893,53.6110133,-43.7223614,53.6259676,-43.948143
36,221579036,221579,52.8024161,-43.623917,52.6548422,-43.7408705,52.6434253,-43.5149452,52.9494868,-43.5067199,52.9619927,-43.7326519
37,221579037,221579,52.7898537,-43.3894765,52.642751,-43.5064675,52.6315248,-43.2804411,52.9364479,-43.2722461,52.9487723,-43.4982835
38,221579038,221579,52.7774181,-43.1544965,52.6308336,-43.2715397,52.619726,-43.0454424,52.9235039,-43.0372304,52.9357131,-43.2633391
39,221579039,221579,53.1263021,-43.6145865,52.979282,-43.7319927,52.9667067,-43.5060582,53.2728069,-43.4969406,53.2864709,-43.7228713
40,221579040,221579,53.1124217,-43.3799689,52.9659066,-43.4974306,52.953461,-43.2713969,53.2584189,-43.2622797,53.2719637,-43.4883106
41,221579041,221579,53.0990557,-43.1459008,52.9529872,-43.2633602,52.9407895,-43.0372477,53.2446137,-43.0282263,53.2579107,-43.2543364
42,221579042,221579,53.4500771,-43.6048197,53.3035916,-43.7226453,53.2899444,-43.496712,53.5960402,-43.4867642,53.6107828,-43.7126804
43,221579043,221579,53.4352741,-43.3700641,53.2893272,-43.4879576,53.2757426,-43.2619267,53.5806931,-43.2519488,53.59538,-43.477966
44,221579044,221579,53.4205121,-43.1355882,53.2750829,-43.2535223,53.2615998,-43.027419,53.5654173,-43.0174434,53.5799953,-43.2435308
45,221579045,221579,52.7656044,-42.9186919,52.6195707,-43.035797,52.6085048,-42.8096546,52.9111334,-42.8013749,52.9232977,-43.0275258
46,221579046,221579,52.7540693,-42.6841686,52.6084748,-42.8012436,52.5976684,-42.5750814,52.8991571,-42.5668852,52.9110706,-42.793058
47,221579047,221579,52.7416863,-42.4494479,52.5966501,-42.5665625,52.5858648,-42.340415,52.8862175,-42.332139,52.8980954,-42.5582948
48,221579048,221579,53.0856447,-42.9094879,52.9401677,-43.0270258,52.9279319,-42.8008749,53.2306082,-42.7917404,53.2439374,-43.0178874
49,221579049,221579,53.0727059,-42.6747836,52.9277113,-42.7923155,52.9156504,-42.5661431,53.2171931,-42.5570531,53.2303367,-42.7832192
50,221579050,221579,53.059391,-42.4399893,52.9149225,-42.5575328,52.9029561,-42.331377,53.2033462,-42.3222603,53.2164139,-42.5484135
51,221579051,221579,53.4060173,-42.8992566,53.2611262,-43.0172266,53.2477139,-42.7910821,53.5503798,-42.7810811,53.5648954,-43.0072111
52,221579052,221579,53.391763,-42.6646569,53.2473172,-42.7825915,53.2341545,-42.5564238,53.5356921,-42.5465358,53.5499458,-42.7726872
53,221579053,221579,53.3773438,-42.4304007,53.2334585,-42.5483601,53.2203084,-42.3222079,53.5207022,-42.3122557,53.5349532,-42.5383914
54,221579054,221579,52.729137,-42.2136019,52.5845617,-42.3306721,52.5740015,-42.1045645,52.8732107,-42.0963472,52.8848694,-42.322466
55,221579055,221579,52.7179813,-41.9790638,52.5739372,-42.0961268,52.5634636,-41.8700891,52.8615166,-41.8618279,52.8731084,-42.0878754
56,221579056,221579,52.7067822,-41.7444302,52.563214,-41.8614309,52.552924,-41.6354889,52.849846,-41.6272678,52.8612348,-41.8532237
57,221579057,221579,53.0457181,-42.2040023,52.9016887,-42.3214791,52.8899861,-42.0953587,53.1892322,-42.0863467,53.2020382,-42.3124666
58,221579058,221579,53.0333459,-41.9696449,52.8898549,-42.0871087,52.8782146,-41.8610628,53.1763253,-41.8520113,53.1890587,-42.0780581
59,221579059,221579,53.0204765,-41.7352532,52.8775084,-41.8526832,52.8659731,-41.626731,53.1629376,-41.6176694,53.1755733,-41.8436164
60,221579060,221579,53.3628204,-42.1941563,53.2194059,-42.3120652,53.2064632,-42.0859486,53.505716,-42.0760782,53.5197492,-42.3021771
61,221579061,221579,53.3491336,-41.9594226,53.2062396,-42.0773007,53.1933966,-41.8512548,53.4915024,-41.8413806,53.505443,-42.0674091
62,221579062,221579,53.3348817,-41.7252714,53.1925061,-41.8431056,53.1797709,-41.6171592,53.4767345,-41.6072888,53.4905684,-41.8332229
63,221579063,221579,52.6957976,-41.5085482,52.5528268,-41.6255528,52.5425003,-41.3997404,52.8382651,-41.3913894,52.8496942,-41.617213
64,221579064,221579,52.684537,-41.2743204,52.542108,-41.3912805,52.5318425,-41.1656225,52.8264564,-41.157213,52.8378327,-41.3828811
65,221579065,221579,52.6732045,-41.0401229,52.5312436,-41.1569731,52.5211817,-40.9314943,52.814659,-40.9231369,52.8258235,-41.1486253
66,221579066,221579,53.0081062,-41.4995546,52.8657234,-41.6169749,52.8541673,-41.3911511,53.1499771,-41.3819883,53.1626313,-41.6078062
67,221579067,221579,52.9960263,-41.2649316,52.854093,-41.3822361,52.8427759,-41.1565641,53.1374506,-41.1474885,53.1498591,-41.3731583
68,221579068,221579,52.9837793,-41.0309226,52.8423699,-41.1481514,52.8311444,-40.922662,53.1246737,-40.9135663,53.1370005,-41.139053
69,221579069,221579,53.3211952,-41.4893618,53.1793838,-41.6071656,53.1666526,-41.381347,53.4624701,-41.3714118,53.4762969,-41.5972083
70,221579070,221579,53.3077752,-41.2551258,53.1664715,-41.3728485,53.1538895,-41.1471824,53.4485566,-41.1372751,53.4622435,-41.3629223
71,221579071,221579,53.2943753,-41.0212938,53.153527,-41.1388828,53.1411689,-40.9133964,53.4347043,-40.9035845,53.4481591,-41.1290568
72,221579072,221579,53.8247352,-44.2972336,53.6774,-44.4153312,53.6621039,-44.1898961,53.9715364,-44.178879,53.9879267,-44.4042872
73,221579073,221579,53.8081327,-44.0633315,53.6613278,-44.1815311,53.6460991,-43.9559129,53.9543984,-43.9448848,53.9707245,-44.1704763
74,221579074,221579,53.7916286,-43.8291532,53.6452882,-43.9473946,53.6302568,-43.7216132,53.9374307,-43.7106743,53.95355,-43.9364277
75,221579075,221579,54.1520473,-44.2850284,54.0053223,-44.4035709,53.9888999,-44.1781656,54.2982294,-44.1662394,54.3157392,-44.3916028
76,221579076,221579,54.1343837,-44.0511054,53.9881472,-44.1697144,53.9718751,-43.9441199,54.2800781,-43.9322616,54.2974349,-44.157811
77,221579077,221579,54.1170439,-43.8170384,53.9713431,-43.9357303,53.9551296,-43.7099791,54.2621999,-43.6981216,54.2794975,-43.9238273
78,221579078,221579,54.4792501,-44.2722,54.333162,-44.3911778,54.3156109,-44.165819,54.6247795,-44.1529798,54.6434186,-44.378287
79,221579079,221579,54.4604559,-44.0384007,54.3149037,-44.1574694,54.2974131,-43.9319262,54.6054531,-43.9191025,54.6240314,-44.1445907
80,221579080,221579,54.4419717,-43.8039909,54.296884,-43.9230888,54.27959,-43.6973843,54.5865102,-43.684673,54.6048888,-43.9103241
81,221579081,221579,53.7757299,-43.5933453,53.6299083,-43.7116502,53.6149802,-43.485741,53.9210123,-43.4748129,53.9370366,-43.7006958
82,221579082,221579,53.7591463,-43.3590207,53.6138104,-43.4773526,53.5990404,-43.2513386,53.9039463,-43.2404735,53.9198082,-43.466456
83,221579083,221579,53.7436243,-43.1245203,53.5988327,-43.2429044,53.5841204,-43.0168158,53.887885,-43.0059346,53.9036831,-43.2319864
84,221579084,221579,54.0991031,-43.5816148,53.9538588,-43.7003231,53.9378688,-43.474438,54.2438018,-43.462693,54.260884,-43.688531
85,221579085,221579,54.0816669,-43.3468872,53.936941,-43.4656363,53.9210457,-43.2396565,54.2258461,-43.2279317,54.2428332,-43.4538739
86,221579086,221579,54.0647704,-43.1122964,53.9205525,-43.2310677,53.9047751,-43.0050113,54.2084437,-42.9933296,54.2253171,-43.2193432
87,221579087,221579,54.4227063,-43.5687284,54.2781307,-43.6878723,54.2609452,-43.4620381,54.5667291,-43.4493756,54.5850038,-43.6751554
88,221579088,221579,54.404555,-43.3342779,54.2604738,-43.453443,54.2434242,-43.2275066,54.548075,-43.2149096,54.5662175,-43.4407932
89,221579089,221579,54.3860976,-43.0995401,54.2425795,-43.2187535,54.2255432,-42.9927468,54.5290573,-42.9801341,54.5471852,-43.2060858
90,221579090,221579,53.7275457,-42.8883302,53.5832148,-43.0066923,53.5687266,-42.7805575,53.8713468,-42.7697754,53.8869286,-42.9958768
91,221579091,221579,53.712211,-42.653843,53.5683959,-42.7722124,53.5539964,-42.5460654,53.8554843,-42.5352871,53.8709777,-42.7614078
92,221579092,221579,53.6971458,-42.4194706,53.5538017,-42.5377956,53.5396087,-42.3116559,53.8399595,-42.3009681,53.8552513,-42.5270809
93,221579093,221579,54.0477842,-42.8768839,53.9040265,-42.9956266,53.8884611,-42.7695229,54.1909921,-42.7579488,54.2076577,-42.9840152
94,221579094,221579,54.0310865,-42.6418934,53.8879078,-42.760671,53.8723384,-42.5345531,54.1737329,-42.5229368,54.1903835,-42.7490116
95,221579095,221579,54.0148975,-42.4075677,53.8722061,-42.5263134,53.8567848,-42.3002045,54.1570428,-42.2886521,54.1735506,-42.5147184
96,221579096,221579,54.3681518,-42.8640356,54.2251158,-42.9832337,54.2082466,-42.7571777,54.5106291,-42.7446577,54.5285886,-42.9706567
97,221579097,221579,54.3498091,-42.6291354,54.2072537,-42.7483022,54.1905543,-42.5222299,54.4918004,-42.5097979,54.5095953,-42.7358133
98,221579098,221579,54.3324333,-42.3948762,54.1903413,-42.5139858,54.1738491,-42.2879198,54.4739649,-42.275607,54.4915591,-42.5016182
99,221579099,221579,53.6814947,-42.183297,53.5387441,-42.3016494,53.5245104,-42.0755563,53.82371,-42.0647822,53.8390354,-42.290844
100,221579100,221579,53.6663343,-41.9488898,53.5240627,-42.0671811,53.5100006,-41.8411545,53.808061,-41.830442,53.8232268,-42.0564386
101,221579101,221579,53.6513565,-41.7145099,53.5095943,-41.8327379,53.4956636,-41.6068073,53.7925877,-41.5961357,53.8076142,-41.8220383
102,221579102,221579,53.9985505,-42.1714108,53.8564212,-42.290153,53.8410277,-42.0640937,54.1401208,-42.0525042,54.1566313,-42.2785255
103,221579103,221579,53.9814161,-41.9368417,53.8397921,-42.0555305,53.8245303,-41.8295357,54.1224986,-41.818007,54.1388561,-42.0439568
104,221579104,221579,53.9653004,-41.7028935,53.8241905,-41.8215235,53.8090344,-41.5956248,54.1058702,-41.5841292,54.1221182,-41.8099817
105,221579105,221579,54.3143813,-42.1588322,54.1728668,-42.277937,54.1563717,-42.0519204,54.4553389,-42.0395729,54.4729331,-42.2655399
106,221579106,221579,54.2971846,-41.9245622,54.1562015,-42.0436258,54.1397715,-41.8176777,54.4376164,-41.8053581,54.4551276,-42.0312502
107,221579107,221579,54.2795097,-41.6903172,54.1389829,-41.8092749,54.1227789,-41.5834186,54.4194865,-41.5712275,54.4367819,-41.7970276
108,221579108,221579,53.6370551,-41.4783841,53.4957259,-41.5964871,53.4820734,-41.3706761,53.7778524,-41.360148,53.7926061,-41.5859265
109,221579109,221579,53.6220105,-41.2443162,53.4812498,-41.3623736,53.4675982,-41.1367214,53.7622394,-41.1261372,53.7769792,-41.3517608
110,221579110,221579,53.6072754,-41.0100474,53.4670333,-41.1280066,53.4534877,-40.902536,53.7469839,-40.891969,53.7616257,-41.117409
111,221579111,221579,53.9498837,-41.4667614,53.809236,-41.5852767,53.7942987,-41.3595038,54.0899897,-41.3481197,54.1060228,-41.5738524
112,221579112,221579,53.9339082,-41.2328884,53.7937579,-41.3513043,53.7789639,-41.1256834,54.0735204,-41.1143606,54.0894132,-41.3399385
113,221579113,221579,53.9180446,-40.9986582,53.7784215,-41.1169791,53.7637069,-40.8915392,54.0571229,-40.88023,54.0729329,-41.1056288
114,221579114,221579,54.2623941,-41.4545308,54.1223259,-41.5733688,54.1063378,-41.3476366,54.4019101,-41.3355721,54.4189873,-41.5612505
115,221579115,221579,54.2450135,-41.2202929,54.1055226,-41.3390766,54.0895201,-41.1135046,54.3839477,-41.101396,54.401041,-41.3269149
116,221579116,221579,54.2285293,-40.9866857,54.0894915,-41.1053209,54.0737197,-40.879922,54.367022,-40.867956,54.3838797,-41.0932959
117,221579117,221579,54.8078969,-44.2578851,54.662517,-44.3773195,54.6437523,-44.1520199,54.952713,-44.1382143,54.9725557,-44.3634489
118,221579118,221579,54.7882656,-44.0240531,54.6433736,-44.1435424,54.6247508,-43.9180558,54.9325918,-43.9043382,54.95229,-44.1297564
119,221579119,221579,54.7680828,-43.7898862,54.6236574,-43.9094015,54.6052291,-43.6837522,54.9119446,-43.6701566,54.9314605,-43.8957392
120,221579120,221579,55.1344307,-44.2431766,54.9897367,-44.3630371,54.9698401,-44.1378068,55.2785423,-44.1230912,55.2995181,-44.3482379
121,221579121,221579,55.1136967,-44.0091156,54.9694715,-44.1290095,54.949758,-43.9035927,55.2573407,-43.8890046,55.2781361,-44.1143428
122,221579122,221579,55.0925619,-43.7753077,54.9488592,-43.8952578,54.9292232,-43.6696849,55.235685,-43.6551519,55.2564058,-43.8806443
123,221579123,221579,55.4608834,-44.2268279,55.3168724,-44.3470853,55.2959016,-44.1219369,55.6043089,-44.1063543,55.6263455,-44.3314072
124,221579124,221579,55.4390797,-43.9930984,55.2956264,-44.1134379,55.274671,-43.8881076,55.5819503,-43.8725517,55.6039774,-44.0977831
125,221579125,221579,55.416948,-43.759443,55.2740033,-43.8798226,55.2531531,-43.6543396,55.5593039,-43.638864,55.5812428,-43.8642562
126,221579126,221579,54.7481225,-43.5542841,54.6041274,-43.673789,54.5859533,-43.4480034,54.8915462,-43.4345759,54.9108048,-43.6602911
127,221579127,221579,54.7287325,-43.3200373,54.585318,-43.4396086,54.5671241,-43.2137279,54.871588,-43.2002733,54.8908577,-43.4260852
128,221579128,221579,54.7093457,-43.0861036,54.5663967,-43.2056574,54.5483943,-42.9797031,54.8517228,-42.9663634,54.8708234,-43.1922531
129,221579129,221579,55.0718345,-43.5395665,54.928541,-43.6594845,54.9091972,-43.4337711,55.2145492,-43.4194527,55.2349625,-43.6450814
130,221579130,221579,55.0508977,-43.305321,54.9081543,-43.4252801,54.8888574,-43.1994679,55.1930709,-43.1851791,55.2134507,-43.4109081
131,221579131,221579,55.0302084,-43.0712662,54.8879165,-43.1911916,54.8688278,-42.965304,55.171931,-42.9511657,55.1920945,-43.1769725
132,221579132,221579,55.3947286,-43.5241748,55.2522283,-43.6445388,55.2316075,-43.4189198,55.5366435,-43.4036227,55.5583448,-43.6291501
133,221579133,221579,55.3727306,-43.2897838,55.2306484,-43.4101042,55.2102911,-43.1843774,55.5142226,-43.169285,55.5356611,-43.3949207
134,221579134,221579,55.3509461,-43.0556127,55.2094376,-43.1759705,55.189071,-42.9501769,55.491869,-42.935088,55.5133246,-43.1607892
135,221579135,221579,54.6898955,-42.850097,54.5475087,-42.9696759,54.5295231,-42.7436781,54.8317105,-42.7303416,54.8507872,-42.9562727
136,221579136,221579,54.6711479,-42.6156776,54.5292706,-42.7352387,54.5113977,-42.5092282,54.8124498,-42.4959488,54.8314254,-42.7218963
137,221579137,221579,54.6520693,-42.3813291,54.5106942,-42.5008526,54.4929474,-42.2748518,54.7928765,-42.2616519,54.8117164,-42.4875841
138,221579138,221579,55.0094247,-42.8356675,54.8676974,-42.9556177,54.8486168,-42.7296892,55.1505762,-42.7155534,55.1707446,-42.9413988
139,221579139,221579,54.9892422,-42.6012641,54.8480497,-42.7212032,54.829023,-42.4952601,55.1298528,-42.4811656,55.1499632,-42.7070245
140,221579140,221579,54.9688003,-42.3668268,54.8281166,-42.4867255,54.8092088,-42.2607963,55.1089092,-42.2467816,55.128906,-42.4726294
141,221579141,221579,55.3290305,-42.8201304,55.1880371,-42.9404707,55.1677706,-42.7146309,55.469444,-42.6996339,55.4907888,-42.9253786
142,221579142,221579,55.3071746,-42.5856663,55.1666999,-42.7059823,55.1465134,-42.4801318,55.4470636,-42.4652014,55.4683297,-42.6909616
143,221579143,221579,55.2857658,-42.3514197,55.1457523,-42.4716579,55.1257674,-42.2458094,55.425198,-42.231043,55.4462635,-42.4567905
144,221579144,221579,54.6329632,-42.145658,54.4921461,-42.265163,54.4744283,-42.0392052,54.7732163,-42.0260118,54.7920259,-42.2519027
145,221579145,221579,54.6139763,-41.9110471,54.4736609,-42.030481,54.4560733,-41.8045917,54.7537314,-41.7914794,54.7724054,-42.0172979
146,221579146,221579,54.5953866,-41.6768814,54.4556026,-41.7962531,54.4380883,-41.5704622,54.7346107,-41.5573872,54.7532108,-41.7831099
147,221579147,221579,54.9487366,-42.1312455,54.8085614,-42.2510868,54.7897718,-42.0251974,55.0883389,-42.0112678,55.108213,-42.2370745
148,221579148,221579,54.9286734,-41.8965312,54.7889857,-42.0162919,54.7703498,-41.7904737,55.0677874,-41.7766488,55.0875158,-42.0023857
149,221579149,221579,54.9092715,-41.6627645,54.7701597,-41.7824842,54.7515076,-41.5567662,55.0478142,-41.5429322,55.0675518,-41.7685637
150,221579150,221579,55.2651096,-42.1157041,55.1256325,-42.2359001,55.1057052,-42.0100998,55.4039975,-41.9953809,55.4250111,-42.2210865
151,221579151,221579,55.2434991,-41.8816707,55.1045619,-42.0018109,55.0846839,-41.776084,55.3818485,-41.7614114,55.4028111,-41.9870452
152,221579152,221579,55.2224489,-41.6473047,55.083968,-41.7673196,55.0643008,-41.5416858,55.3603408,-41.5271762,55.381101,-41.7527164
153,221579153,221579,54.5763952,-41.4413518,54.4370354,-41.5605762,54.4197995,-41.3349037,54.7151981,-41.3220178,54.7335134,-41.5476179
154,221579154,221579,54.5578066,-41.2068449,54.4189723,-41.325973,54.4018259,-41.1004576,54.6960793,-41.0876117,54.7143196,-41.3130593
155,221579155,221579,54.5396891,-40.9731066,54.401366,-41.0921187,54.3843279,-40.8667845,54.6774536,-40.8540034,54.6955727,-41.0792683
156,221579156,221579,54.8893462,-41.427033,54.7506551,-41.5465932,54.7322933,-41.3209935,55.0274669,-41.3073672,55.0469189,-41.5328831
157,221579157,221579,54.8694443,-41.193281,54.7312513,-41.3127274,54.7130143,-41.0872833,55.0070571,-41.0737359,55.0263923,-41.2991015
158,221579158,221579,54.8498592,-40.9591305,54.7122478,-41.078498,54.6939876,-40.8532408,54.9868937,-40.8396762,55.0062462,-41.0648528
159,221579159,221579,55.2014967,-41.4122624,55.0635816,-41.5322093,55.0439301,-41.306704,55.3388353,-41.2922185,55.3595758,-41.5176294
160,221579160,221579,55.1802965,-41.1783432,55.042873,-41.2981635,55.023352,-41.0728085,55.3171407,-41.0584331,55.3377396,-41.2836885
161,221579161,221579,55.1598795,-40.9444861,55.0229584,-41.0641689,55.0035677,-40.8389952,55.2962257,-40.8247237,55.3166949,-41.0498018
162,221579162,221579,55.7193419,-43.5071168,55.57764,-43.6279095,55.5557587,-43.4023959,55.8604435,-43.3861404,55.8834088,-43.6115484
163,221579163,221579,55.6960018,-43.2735139,55.5547972,-43.3943057,55.5330294,-43.1686895,55.8366074,-43.1525496,55.8594439,-43.3780566
164,221579164,221579,55.6734273,-43.0392526,55.5326457,-43.1599804,55.5111468,-42.934283,55.8136199,-42.918366,55.8361915,-43.1439537
165,221579165,221579,56.0417486,-43.4898397,55.9007318,-43.6109703,55.8778419,-43.3855614,56.1821597,-43.3685349,56.2061131,-43.5938248
166,221579166,221579,56.0173624,-43.2556523,55.8768318,-43.3767695,55.8540779,-43.151259,56.1572828,-43.134371,56.1811094,-43.3597588
167,221579167,221579,55.9929179,-43.0217474,55.8529686,-43.1428919,55.8301834,-42.9173185,56.1322622,-42.9004496,56.1561243,-43.1259026
168,221579168,221579,56.3634975,-43.470878,56.2232809,-43.5923909,56.1992306,-43.3671103,56.5031023,-43.3491995,56.5282222,-43.5743464
169,221579169,221579,56.3380519,-43.2371943,56.1983435,-43.3587019,56.1743822,-43.1333241,56.4771553,-43.1155365,56.5021749,-43.3407824
170,221579170,221579,56.3128326,-43.0038433,56.1736432,-43.125336,56.1497533,-42.8998904,56.4514161,-42.8822063,56.4763727,-43.1075199
171,221579171,221579,55.6493152,-42.8036188,55.5090403,-42.92432,55.4876474,-42.6985836,55.7889918,-42.6827627,55.8114647,-42.9083961
172,221579172,221579,55.6267563,-42.5692805,55.4870283,-42.6899686,55.4656737,-42.4642173,55.7658931,-42.4484526,55.7883287,-42.6740946
173,221579173,221579,55.6041074,-42.3351674,55.4648677,-42.455789,55.4436494,-42.2300494,55.742755,-42.2144136,55.7650463,-42.4400483
174,221579174,221579,55.96852,-42.7863435,55.8290244,-42.9074212,55.8064481,-42.6817971,56.1074162,-42.6651224,56.1310627,-42.8906264
175,221579175,221579,55.9444292,-42.5523567,55.8053732,-42.6733514,55.7830143,-42.4477118,56.0828708,-42.4312238,56.1063169,-42.6567481
176,221579176,221579,55.9207497,-42.3182015,55.7822719,-42.4391782,55.7598895,-42.2135518,56.05863,-42.1971013,56.0820848,-42.4226048
177,221579177,221579,56.2863786,-42.7683294,56.1476263,-42.8897412,56.1239723,-42.6642431,56.4245212,-42.6467818,56.4492519,-42.8721488
178,221579178,221579,56.2611448,-42.534277,56.1229392,-42.6556633,56.099308,-42.4301486,56.3987481,-42.4127698,56.4234403,-42.6381442
179,221579179,221579,56.2363541,-42.3007331,56.098655,-42.4220539,56.0751165,-42.1965605,56.3734429,-42.1792936,56.3980506,-42.4046586
180,221579180,221579,55.5817644,-42.0998898,55.4429974,-42.2204178,55.4219501,-41.994723,55.7199286,-41.9792267,55.7420664,-42.2048267
181,221579181,221579,55.5595907,-41.865603,55.4213033,-41.9860377,55.4004249,-41.7604021,55.6972832,-41.745059,55.7192508,-41.9705867
182,221579182,221579,55.5377521,-41.6316564,55.3999502,-41.7519808,55.3792193,-41.5264422,55.6749546,-41.5112287,55.6967785,-41.7366632
183,221579183,221579,55.8972584,-42.0831841,55.7592194,-42.2040447,55.7370816,-41.978454,56.034697,-41.9622126,56.0579222,-42.1876825
184,221579184,221579,55.8740656,-41.8488336,55.7365248,-41.9696028,55.7144956,-41.744086,56.0110035,-41.7279641,56.0341094,-41.9533644
185,221579185,221579,55.8505231,-41.6151505,55.713509,-41.7358293,55.691543,-41.5104088,55.9869285,-41.494374,56.0099753,-41.7196728
186,221579186,221579,56.2116311,-42.0654417,56.0743914,-42.1866542,56.051038,-41.9611971,56.34826,-41.9441239,56.3726742,-42.1694477
187,221579187,221579,56.1873636,-41.8314528,56.0505577,-41.9525237,56.0274546,-41.7271271,56.3235685,-41.7102869,56.3477408,-41.9355462
188,221579188,221579,56.1629832,-41.5976288,56.026729,-41.7186205,56.0036431,-41.4933274,56.2986362,-41.4765535,56.3227883,-41.7017131
189,185782000,185782,54.3681597,-44.2035846,54.5302757,-44.3107744,54.2147224,-44.3176779,54.2065319,-44.0960891,54.5210013,-44.0892482
190,185782001,185782,54.0406285,-44.2100783,54.2022494,-44.31781,53.8864808,-44.3236908,53.8795145,-44.1020515,54.1941965,-44.0962159
191,185782002,185782,53.7140186,-44.2158744,53.8752022,-44.3240757,53.5592759,-44.3290631,53.55335,-44.1073847,53.8681965,-44.102433
192,185782003,185782,54.3586214,-43.9695817,54.5201014,-44.0769419,54.2056846,-44.083696,54.1976343,-43.8619271,54.5109642,-43.8552326
193,185782004,185782,54.0325694,-43.9758764,54.1935982,-44.0837353,53.8789733,-44.0895503,53.8720509,-43.8677275,54.1855855,-43.8619613
194,185782005,185782,53.7066247,-43.9817074,53.8672075,-44.0900302,53.5524306,-44.0949654,53.5465576,-43.873102,53.8602556,-43.8682116
195,185782006,185782,54.3496048,-43.7350738,54.5105373,-43.8425202,54.1972692,-43.849262,54.1891638,-43.6273395,54.5013444,-43.6206604
196,185782007,185782,54.0246852,-43.7414562,54.1851033,-43.849438,53.8716319,-43.8551726,53.8647647,-43.6331939,54.1771569,-43.6275103
197,185782008,185782,53.7002408,-43.7469147,53.8602263,-43.8553498,53.5465985,-43.8602234,53.5407742,-43.6382081,53.8533187,-43.633373
198,185782009,185782,53.3840318,-44.2203683,53.5445975,-44.3291435,53.2285558,-44.3330099,53.2239918,-44.111301,53.5389499,-44.1074626
199,185782010,185782,53.0566631,-44.2240372,53.2167428,-44.3332768,52.9006353,-44.3362352,52.897133,-44.1145202,53.2121438,-44.1115696
200,185782011,185782,52.7294554,-44.2266605,52.8889501,-44.3363993,52.5728344,-44.3383618,52.570519,-44.1166459,52.885543,-44.1146823
201,185782012,185782,53.3787384,-43.9863352,53.5387895,-44.0951717,53.2238944,-44.0991129,53.2192244,-43.8772292,53.5330241,-43.8733081
202,185782013,185782,53.0530807,-43.9900025,53.2126011,-44.0993092,52.8976547,-44.102319,52.8940945,-43.8804206,53.2079659,-43.8774294
203,185782014,185782,52.7267815,-43.992608,52.8857365,-44.1024045,52.5707757,-44.1044444,52.5683777,-43.8825493,52.8822516,-43.8805049
204,185782015,185782,53.3738906,-43.7516901,53.5332794,-43.8606702,53.2195334,-43.8644785,53.2150284,-43.642436,53.5276839,-43.638654
205,185782016,185782,53.0486051,-43.7552253,53.2075025,-43.864662,52.8936935,-43.8675819,52.8902603,-43.6455324,53.2029672,-43.6426151
206,185782017,185782,52.7235449,-43.7578787,52.8818706,-43.8677732,52.5680659,-43.8697735,52.5657696,-43.6477256,52.8784868,-43.6457271
207,185782018,185782,52.4003426,-44.2280401,52.5593594,-44.3381803,52.2432874,-44.3393336,52.2419022,-44.1176348,52.5568784,-44.1164677
208,185782019,185782,52.0731373,-44.2287082,52.231556,-44.3392949,51.9155808,-44.3395234,51.9152836,-44.1178533,52.2301747,-44.1176017
209,185782020,185782,51.7460195,-44.2284419,51.9037834,-44.3395166,51.5879485,-44.3387412,51.5888366,-44.1171095,51.903593,-44.1178487
210,185782021,185782,52.3981846,-43.9938482,52.5566072,-44.1040747,52.2416905,-44.1052437,52.2403319,-43.8833616,52.5541636,-43.8821838
211,185782022,185782,52.0722401,-43.994573,52.2300354,-44.1052923,51.9151954,-44.1054572,51.9150463,-43.8836074,52.2287828,-43.8834092
212,185782023,185782,51.7460875,-43.9944581,51.9032626,-44.1056108,51.5885705,-44.1048753,51.5895153,-43.8830724,51.9031036,-43.8837604
213,185782024,185782,52.3964876,-43.7593187,52.5543279,-43.8696129,52.2405587,-43.8708117,52.2392195,-43.6487779,52.5518904,-43.6475655
214,185782025,185782,52.0715111,-43.760088,52.2286846,-43.8708714,51.9150111,-43.8710629,51.9149141,-43.649062,52.2274938,-43.648842
215,185782026,185782,51.7466205,-43.7599161,51.9032363,-43.871092,51.5897065,-43.8704632,51.5905918,-43.6484985,51.9030423,-43.6490948
216,185782027,185782,55.3108945,-43.4746794,55.4724055,-43.5807823,55.1611958,-43.5901009,55.1498374,-43.3682848,55.4599712,-43.3590712
217,185782028,185782,54.9883108,-43.483945,55.149445,-43.5905435,54.8378825,-43.598962,54.8276406,-43.3770574,55.1381199,-43.3687255
218,185782029,185782,54.6654848,-43.492278,54.8262413,-43.5993574,54.5143745,-43.6069021,54.5052151,-43.3849167,54.815993,-43.3774473
219,185782030,185782,55.2981446,-43.2405776,55.4590899,-43.3467826,55.1490138,-43.3560027,55.1376585,-43.1340937,55.4466518,-43.1249716
220,185782031,185782,54.9769427,-43.249599,55.1374851,-43.3563161,54.8270627,-43.3646114,54.8168795,-43.1426099,55.126217,-43.1343995
221,185782032,185782,54.6552088,-43.2580021,54.815329,-43.3652088,54.5046124,-43.3726085,54.4955665,-43.1505225,54.8052049,-43.1432031
222,185782033,185782,55.2858697,-43.006352,55.4462012,-43.1126753,55.1372714,-43.1217402,55.1259986,-42.8997598,55.4338546,-42.8907934
223,185782034,185782,54.9661015,-43.015008,55.1260158,-43.1218379,54.8167363,-43.1299865,54.8066484,-42.9079066,55.1148498,-42.8998524
224,185782035,185782,54.6454209,-43.0232374,54.8050064,-43.1304915,54.4954296,-43.1378728,54.4863279,-42.9157261,54.7948045,-42.9084137
225,185782036,185782,54.3407806,-43.4992443,54.501093,-43.6068191,54.1889793,-43.613448,54.1809625,-43.3913959,54.4919937,-43.3848338
226,185782037,185782,54.0174306,-43.5057761,54.1772666,-43.6138639,53.8649358,-43.619529,53.8581131,-43.3974289,54.1693452,-43.3918033
227,185782038,185782,53.6932807,-43.5113652,53.8526325,-43.6199219,53.5401512,-43.6246853,53.53445,-43.402546,53.8458367,-43.3978174
228,185782039,185782,54.3315143,-43.2646737,54.4912465,-43.3723372,54.1802737,-43.3788952,54.1722875,-43.1567506,54.4821608,-43.1502488
229,185782040,185782,54.0091219,-43.2712254,54.1683912,-43.3793596,53.8572247,-43.3850272,53.8503569,-43.162826,54.1604406,-43.1572123
230,185782041,185782,53.6874275,-43.276582,53.8461597,-43.3852408,53.5348271,-43.3899124,53.5292331,-43.16768,53.8394568,-43.1630333
231,185782042,185782,54.3229785,-43.0301147,54.482074,-43.1378764,54.1722536,-43.1443103,54.164375,-42.9220945,54.4731049,-42.9157224
232,185782043,185782,54.001583,-43.0364004,54.1602473,-43.1446103,53.8502302,-43.1502082,53.8434227,-42.9279401,54.1523488,-42.9223904
233,185782044,185782,53.6805092,-43.0418482,53.8386978,-43.1505138,53.5285314,-43.1552446,53.5228362,-42.9329387,53.8319131,-42.9282429
234,185782045,185782,53.3679472,-43.515636,53.5268251,-43.6246407,53.2142383,-43.6285436,53.209604,-43.4063813,53.5210888,-43.4024952
235,185782046,185782,53.044346,-43.518879,53.2026198,-43.6283916,52.8899865,-43.6312893,52.8866038,-43.4091088,53.1981582,-43.4062277
236,185782047,185782,52.7204181,-43.521892,52.8781941,-43.6318323,52.5655425,-43.6338861,52.5632038,-43.4117137,52.8747561,-43.4096538
237,185782048,185782,53.362461,-43.2810945,53.5207526,-43.3901584,53.2093229,-43.3940448,53.2047082,-43.1717857,53.5150402,-43.1679194
238,185782049,185782,53.0398119,-43.2844594,53.1975421,-43.3940038,52.8860526,-43.3969478,52.8826337,-43.1746755,53.1930184,-43.1717398
239,185782050,185782,52.7169985,-43.2872655,52.8741806,-43.3972427,52.5626903,-43.3993178,52.5603701,-43.17705,52.8707654,-43.1749754
240,185782051,185782,53.3568504,-43.046232,53.5145576,-43.1553397,53.2042839,-43.1592178,53.1996745,-42.9368886,53.5088513,-42.9330307
241,185782052,185782,53.0355271,-43.0496632,53.1926372,-43.159271,52.8823077,-43.1621662,52.8789655,-42.9398228,53.1882014,-42.9369392
242,185782053,185782,52.7146321,-43.0524111,52.8712426,-43.1624222,52.5609031,-43.1645155,52.5585766,-42.9421721,52.8678248,-42.9400813
243,185782054,185782,52.3949033,-43.5241464,52.5520465,-43.6345761,52.2394318,-43.6356354,52.2383432,-43.4134824,52.5498529,-43.4124036
244,185782055,185782,52.0712263,-43.5245596,52.2277825,-43.6354174,51.9152635,-43.6355978,51.9152612,-43.4134763,52.2266794,-43.4132605
245,185782056,185782,51.7474165,-43.524152,51.9032989,-43.6354739,51.5909262,-43.6346885,51.5921268,-43.4126064,51.9034045,-43.4133477
246,185782057,185782,52.3925063,-43.2894621,52.5490344,-43.399941,52.2375858,-43.4010059,52.2365342,-43.1787526,52.5468961,-43.177671
247,185782058,185782,52.0702782,-43.2899127,52.2262378,-43.400817,51.9148725,-43.4010167,51.9149026,-43.178796,52.2251704,-43.1785578
248,185782059,185782,51.7479802,-43.2898934,51.9033225,-43.401219,51.5920958,-43.4005386,51.5932332,-43.1783596,51.9033618,-43.1789918
249,185782060,185782,52.3909879,-43.0543369,52.5469779,-43.1648246,52.2366738,-43.1659577,52.2355807,-42.9436324,52.5447828,-42.9424836
250,185782061,185782,52.069429,-43.0548776,52.2248143,-43.1657849,51.9146096,-43.1660524,51.9146281,-42.9437571,52.2237393,-42.9434623
251,185782062,185782,51.7486404,-43.0550417,51.9034025,-43.1663696,51.5933347,-43.1657647,51.5944712,-42.943511,51.9034521,-42.9440808
252,185782063,185782,51.4218997,-43.5226756,51.5772042,-43.634372,51.2650215,-43.6327867,51.2671968,-43.410764,51.5782882,-43.4122888
253,185782064,185782,51.0986647,-43.5206201,51.2533308,-43.6327164,50.9413855,-43.6302741,50.94461,-43.408312,51.2554787,-43.4106912
254,185782065,185782,50.7754912,-43.5177698,50.9294088,-43.6303144,50.6177493,-43.6268986,50.6221908,-43.4050245,50.9327725,-43.408359
255,185782066,185782,51.4239131,-43.2886103,51.5786722,-43.4003066,51.2676324,-43.3988305,51.2697629,-43.1767067,51.5797048,-43.1781236
256,185782067,185782,51.1013511,-43.2863139,51.2553725,-43.3984758,50.9445692,-43.396011,50.9479592,-43.1739573,51.2576667,-43.1763515
257,185782068,185782,50.7796555,-43.2833375,50.9329776,-43.3958861,50.6224675,-43.3925567,50.6269497,-43.1705852,50.9363788,-43.1738364
258,185782069,185782,51.4254726,-43.053879,51.5796302,-43.1655792,51.2697501,-43.1641724,51.2719144,-42.9419737,51.5807057,-42.9433332
259,185782070,185782,51.104623,-43.0517644,51.2580986,-43.1638835,50.9484508,-43.1615797,50.951765,-42.939454,51.260323,-42.941695
260,185782071,185782,50.7843506,-43.0488419,50.9370649,-43.1614004,50.6277045,-43.1581362,50.632255,-42.9360984,50.9405347,-42.9392827
261,185782072,185782,55.2732061,-42.7699299,55.4330049,-42.8762815,55.1252251,-42.8853304,55.1138635,-42.6633075,55.4205638,-42.6543655
262,185782073,185782,54.9543637,-42.7789865,55.1138054,-42.8857972,54.8056876,-42.894028,54.7954019,-42.6719187,55.1024311,-42.663777
263,185782074,185782,54.635059,-42.7871773,54.7940481,-42.8944937,54.4856354,-42.9018041,54.4765511,-42.679611,54.7838803,-42.6723791
264,185782075,185782,55.2605692,-42.5354994,55.419771,-42.6419292,55.1131326,-42.6508478,55.1018278,-42.4288181,55.4073802,-42.4199961
265,185782076,185782,54.9428343,-42.5443562,55.1016321,-42.6512698,54.7946575,-42.6593216,54.7844956,-42.4371904,55.0903938,-42.4292333
266,185782077,185782,54.6248209,-42.5521967,54.7832419,-42.6595568,54.4759803,-42.6668039,54.4668841,-42.4445968,54.7730623,-42.4374252
267,185782078,185782,55.2484405,-42.301052,55.4070564,-42.4075369,55.1015599,-42.4163424,55.0902836,-42.1943194,55.3946973,-42.1856197
268,185782079,185782,54.9319875,-42.3097628,55.0902392,-42.4166932,54.7844141,-42.4247062,54.7742089,-42.2025971,55.0789501,-42.1946715
269,185782080,185782,54.6146353,-42.3174718,54.7724338,-42.4248943,54.4663235,-42.4320152,54.4573225,-42.2098196,54.7623495,-42.2027777
270,185782081,185782,54.3134684,-42.7941009,54.472029,-42.9018806,54.1633723,-42.9083346,54.1554017,-42.686077,54.4629738,-42.6796861
271,185782082,185782,53.9938137,-42.8007496,54.1518977,-42.9090071,53.8430369,-42.9145658,53.8362337,-42.6922539,54.1440044,-42.6867453
272,185782083,185782,53.6738853,-42.8058243,53.8315154,-42.9145126,53.5225095,-42.9192497,53.5167731,-42.696901,53.8246877,-42.6922003
273,185782084,185782,54.3048802,-42.5596605,54.4628164,-42.6675129,54.1553051,-42.6738451,54.1474404,-42.4515658,54.4538634,-42.4453076
274,185782085,185782,53.9858262,-42.5659875,54.1433103,-42.6742909,53.8356058,-42.6797808,53.8288581,-42.4574583,54.1354732,-42.4520167
275,185782086,185782,53.6669163,-42.5711389,53.8239119,-42.6798909,53.5160566,-42.6845234,53.5104402,-42.4621615,53.8172007,-42.4575634
276,185782087,185782,54.2960341,-42.3249507,54.4534019,-42.4328232,54.1470437,-42.4391129,54.1391686,-42.2168535,54.444435,-42.2106276
277,185782088,185782,53.9784953,-42.3308758,54.1353913,-42.4392008,53.8288399,-42.4446411,53.8221203,-42.2223301,54.1275743,-42.2169417
278,185782089,185782,53.6605059,-42.3362377,53.8169556,-42.4449677,53.5102597,-42.4496421,53.5045716,-42.2272951,53.8101758,-42.2226586
279,185782090,185782,53.3515868,-42.8104482,53.5086588,-42.9196254,53.1995432,-42.9234157,53.1950453,-42.7010399,53.5030649,-42.6972736
280,185782091,185782,53.0315897,-42.8137732,53.188145,-42.9233847,52.8789697,-42.9263215,52.8755892,-42.7039393,53.1836559,-42.7010083
281,185782092,185782,52.7117287,-42.8160946,52.8676813,-42.9261795,52.5585037,-42.9281807,52.5563428,-42.7058037,52.8644145,-42.7037927
282,185782093,185782,53.3468351,-42.5755359,53.5032763,-42.6847689,53.1953211,-42.6884752,53.190927,-42.4660838,53.4977957,-42.4624034
283,185782094,185782,53.0272987,-42.5789392,53.1832672,-42.6885695,52.8752484,-42.6914987,52.8718898,-42.4691068,53.1787961,-42.4661763
284,185782095,185782,52.7086575,-42.5812069,52.8640378,-42.6912726,52.5560238,-42.6933271,52.553828,-42.470934,52.8607406,-42.4688754
285,185782096,185782,53.341444,-42.3404188,53.4973627,-42.4496094,53.1905625,-42.4533943,53.1860637,-42.2310255,53.4917644,-42.2272552
286,185782097,185782,53.0231427,-42.3441342,53.1785027,-42.4537711,52.8716441,-42.4566816,52.868329,-42.2342963,53.174082,-42.2313983
287,185782098,185782,52.7057173,-42.3463853,52.8604783,-42.4564832,52.5536157,-42.4584782,52.5515217,-42.2360966,52.8572827,-42.2340929
288,185782099,185782,52.3893726,-42.8179687,52.5448144,-42.9284262,52.2356843,-42.929673,52.2345018,-42.7073092,52.5425364,-42.7060441
289,185782100,185782,52.069423,-42.8187443,52.2242357,-42.92964,51.9151982,-42.9299833,51.9151904,-42.7076455,52.2231388,-42.7072758
290,185782101,185782,51.749516,-42.8185733,51.9036895,-42.9298953,51.5947858,-42.9293511,51.5959346,-42.7070615,51.9037469,-42.7075622
291,185782102,185782,52.3874998,-42.5827083,52.5423475,-42.6931658,52.2343787,-42.6944339,52.2332111,-42.4720532,52.5400911,-42.4707675
292,185782103,185782,52.0684406,-42.5840672,52.2226807,-42.6949474,51.914794,-42.6953474,51.9147791,-42.4729958,52.2215736,-42.4725712
293,185782104,185782,51.7502659,-42.5839106,51.9038841,-42.6951958,51.5961338,-42.6947492,51.5972407,-42.4724435,51.9038978,-42.4728449
294,185782105,185782,52.3858235,-42.3482687,52.5400584,-42.4587374,52.2332421,-42.4599816,52.2321657,-42.2376124,52.5378867,-42.2363573
295,185782106,185782,52.0683584,-42.348825,52.221999,-42.4596829,51.9152768,-42.4601195,51.9152931,-42.2377774,52.2209237,-42.2373222
296,185782107,185782,51.7508918,-42.3489562,51.9038571,-42.4602558,51.5972673,-42.4597742,51.5985208,-42.2374797,51.904019,-42.237927
297,185782108,185782,51.4272708,-42.8169963,51.58071,-42.9287886,51.2719926,-42.9272524,51.2744302,-42.7050152,51.5820572,-42.7064978
298,185782109,185782,51.1077998,-42.8152712,51.2606218,-42.9274221,50.9521339,-42.9251047,50.9555959,-42.7029448,51.2629866,-42.7051867
299,185782110,185782,50.7880898,-42.8124917,50.9402189,-42.9250317,50.6320064,-42.9218582,50.636584,-42.6997792,50.9436978,-42.7028674
300,185782111,185782,51.4291749,-42.5823144,51.5820804,-42.6940403,51.2745173,-42.6926589,51.276872,-42.4704062,51.5833404,-42.4717382
301,185782112,185782,51.1111247,-42.5804599,51.2633499,-42.6925911,50.9560139,-42.690338,50.9595224,-42.4681593,51.2657644,-42.4703463
302,185782113,185782,50.7926202,-42.5777097,50.9441647,-42.6902173,50.6371022,-42.6871357,50.6417099,-42.4650458,50.9476728,-42.4680419
303,185782114,185782,51.4313782,-42.3477961,51.5836362,-42.4595356,51.2772267,-42.4581244,51.2797187,-42.2358951,51.5850334,-42.2372425
304,185782115,185782,51.1139475,-42.3461425,51.2656019,-42.4582175,50.9594184,-42.4560736,50.9629097,-42.2339135,51.2679922,-42.2359828
305,185782116,185782,50.7974456,-42.3430723,50.9483499,-42.4555731,50.6424415,-42.4525027,50.6471722,-42.2304258,50.9519814,-42.2334082
306,185782117,185782,55.2356898,-42.0654507,55.3937476,-42.1719541,55.0893998,-42.1806918,55.0781021,-41.9587146,55.3813584,-41.9500817
307,185782118,185782,54.9203089,-42.0738009,55.0779492,-42.1807676,54.773285,-42.1886709,54.7631369,-41.9666015,55.0667254,-41.9587915
308,185782119,185782,54.6043822,-42.0817832,54.7615762,-42.1892342,54.4566172,-42.1962609,54.4476685,-41.9741082,54.75154,-41.9671595
309,185782120,185782,55.2237287,-41.8312613,55.3811908,-41.9377877,55.0779949,-41.9464159,55.0667224,-41.7245065,55.3688404,-41.7159859
310,185782121,185782,54.9091206,-41.839439,55.0661575,-41.946446,54.7626284,-41.9542167,54.7525557,-41.732212,55.0549948,-41.7245334
311,185782122,185782,54.594764,-41.8471725,54.7514048,-41.9546098,54.4475925,-41.9615999,54.4386123,-41.7395219,54.7413263,-41.7326075
312,185782123,185782,55.2109016,-41.5969838,55.3677529,-41.7035566,55.0656907,-41.7120173,55.0545229,-41.4902087,55.3554913,-41.4818445
313,185782124,185782,54.8978053,-41.6049812,55.0543007,-41.7119574,54.7519245,-41.7197011,54.7417893,-41.4978006,55.0430776,-41.4901431
314,185782125,185782,54.584725,-41.6124922,54.7408084,-41.7199006,54.4381542,-41.7268662,54.4291293,-41.5048818,54.7306913,-41.4979948
315,185782126,185782,54.2864518,-42.0888073,54.4431413,-42.1967558,54.1379416,-42.2028557,54.1302559,-41.9806368,54.434369,-41.9745995
316,185782127,185782,53.9703005,-42.0946977,54.1265908,-42.2030472,53.8212018,-42.208413,53.8145201,-41.9861433,54.1188197,-41.9808247
317,185782128,185782,53.6545138,-42.0998397,53.8102862,-42.2086446,53.5047484,-42.2131411,53.4992693,-41.990831,53.8037102,-41.9863695
318,185782129,185782,54.2777531,-41.8538005,54.4338654,-41.9617529,54.1298162,-41.9677956,54.1221446,-41.7456458,54.4251042,-41.7396644
319,185782130,185782,53.9626812,-41.8598855,54.1183628,-41.9682416,53.8141228,-41.973527,53.8075217,-41.7513278,54.1106575,-41.7460903
320,185782131,185782,53.6478192,-41.8650574,53.8029608,-41.9738801,53.4985768,-41.9782807,53.4932024,-41.7560422,53.7964865,-41.7516761
321,185782132,185782,54.2694131,-41.6192773,54.4249962,-41.7271621,54.1221067,-41.733242,54.1143265,-41.5111924,54.4161277,-41.5051746
322,185782133,185782,53.9552197,-41.6252029,54.1102708,-41.7335742,53.8071876,-41.738747,53.8006853,-41.5166436,54.1026729,-41.5115191
323,185782134,185782,53.6412733,-41.6302487,53.7958957,-41.7389969,53.4926711,-41.743461,53.4871787,-41.5213199,53.7893074,-41.5168887
324,185782135,185782,53.3358894,-42.1041832,53.4911851,-42.2133827,53.185549,-42.217113,53.1811258,-41.9947827,53.4856599,-41.9910742
325,185782136,185782,53.0193903,-42.1073113,53.1741619,-42.2169338,52.868472,-42.2198403,52.8651694,-41.9974994,53.1697573,-41.9945977
326,185782137,185782,52.7029402,-42.1099192,52.8571458,-42.2199618,52.5514556,-42.2220347,52.5492982,-41.9996944,52.8538948,-41.9976194
327,185782138,185782,53.3308291,-41.8694782,53.4855143,-41.9786839,53.1810341,-41.9823502,53.1766835,-41.7600867,53.4800662,-41.7564426
328,185782139,185782,53.0154313,-41.8727636,53.1696053,-41.9823625,52.865076,-41.9852575,52.861802,-41.7629812,53.1652331,-41.7600983
329,185782140,185782,52.6999431,-41.8754857,52.8535615,-41.9854944,52.5490263,-41.9875773,52.5468859,-41.765304,52.8503218,-41.76322
330,185782141,185782,53.3255223,-41.6345931,53.4796303,-41.7437515,53.1763106,-41.747422,53.1719588,-41.525257,53.4741776,-41.5216123
331,185782142,185782,53.0110951,-41.6382074,53.1646819,-41.7477643,52.8613135,-41.7506595,52.8580639,-41.5284847,53.160333,-41.5255988
332,185782143,185782,52.6969501,-41.6407697,52.8499275,-41.7507574,52.5465591,-41.752789,52.5445307,-41.5306162,52.8468074,-41.5285833
333,185782144,185782,52.3846854,-42.1117129,52.5383397,-42.2221333,52.2326963,-42.223437,52.2315893,-42.0011145,52.5361467,-41.9997949
334,185782145,185782,52.0678435,-42.1127071,52.2208905,-42.2235356,51.915332,-42.2240008,51.9153745,-42.0017069,52.2198419,-42.0012139
335,185782146,185782,51.7516146,-42.1126627,51.9040619,-42.223877,51.5986274,-42.2235382,51.5997632,-42.0012893,51.9040968,-42.0015781
336,185782147,185782,52.382915,-41.8771142,52.535945,-41.9875282,52.231451,-41.9887878,52.2304679,-41.7665376,52.5338575,-41.765257
337,185782148,185782,52.0670363,-41.8780333,52.2194455,-41.9888581,51.915039,-41.9892732,51.9152256,-41.7670536,52.2185303,-41.7666019
338,185782149,185782,51.7524625,-41.877767,51.9042956,-41.988924,51.600029,-41.9886309,51.601225,-41.7664499,51.9043971,-41.7667083
339,185782150,185782,52.3808652,-41.6419488,52.5332883,-41.7523122,52.229957,-41.7535818,52.2290092,-41.5314274,52.5312388,-41.5301382
340,185782151,185782,52.0669512,-41.6431945,52.2188009,-41.7539218,51.9155599,-41.7544432,51.9156747,-41.5323153,52.2178243,-41.5317664
341,185782152,185782,51.7526146,-41.643261,51.9037962,-41.7544057,51.6006823,-41.7540551,51.602019,-41.531972,51.9040336,-41.5322787
342,185782153,185782,51.4335253,-42.1120656,51.5852382,-42.2237254,51.2799831,-42.2224379,51.2824285,-42.0002495,51.5865737,-42.001473
343,185782154,185782,51.1168445,-42.1104619,51.2678964,-42.222487,50.9628706,-42.2204039,50.9664186,-41.9982852,51.2703397,-42.0002961
344,185782155,185782,50.801252,-42.1077889,50.9515998,-42.2201817,50.6468594,-42.2172841,50.6515257,-41.9952482,50.9551814,-41.998065
345,185782156,185782,51.4352217,-41.8770041,51.5863159,-41.9886141,51.2822286,-41.9873704,51.2847298,-41.7652496,51.5877234,-41.7664367
346,185782157,185782,51.12064,-41.8756046,51.2710605,-41.9875829,50.967202,-41.9855337,50.9708216,-41.7634795,51.2735987,-41.765467
347,185782158,185782,50.8055576,-41.8731809,50.955357,-41.9854808,50.6517599,-41.9827199,50.6563765,-41.7607513,50.9588848,-41.7634306
348,185782159,185782,51.4373798,-41.6424632,51.5879621,-41.7539482,51.2850232,-41.7528704,51.2874049,-41.5308442,51.5892426,-41.5318647
349,185782160,185782,51.1236307,-41.6411911,51.2735315,-41.7530471,50.9708154,-41.7511623,50.9743424,-41.5292077,51.2759589,-41.5310222
350,185782161,185782,50.8100362,-41.6385957,50.9592364,-41.7508139,50.6567884,-41.748122,50.6614681,-41.5262573,50.9628119,-41.5288597
351,185782162,185782,54.2602018,-41.3833493,54.4152485,-41.4911698,54.1135222,-41.497267,54.1056653,-41.2753478,54.4062988,-41.2693089
352,185782163,185782,53.9481134,-41.3893577,54.1026883,-41.497598,53.8007743,-41.5029089,53.7940568,-41.2809361,54.0948733,-41.2756728
353,185782164,185782,53.6351305,-41.3940566,53.7891377,-41.5027719,53.4870822,-41.5071804,53.4816539,-41.2851684,53.7826091,-41.280793
354,185782165,185782,54.2518976,-41.1489219,54.406292,-41.256755,54.1057131,-41.2626878,54.0980105,-41.0409149,54.3974895,-41.0350427
355,185782166,185782,53.9400682,-41.154737,54.0939822,-41.2629909,53.79322,-41.2681375,53.7866712,-41.0463168,54.0863323,-41.041215
356,185782167,185782,53.6285575,-41.1599058,53.7820496,-41.2685109,53.4811545,-41.2729971,53.4755929,-41.0511366,53.7753938,-41.046685
357,185782168,185782,54.2425927,-40.9147893,54.3964066,-41.0225553,54.0969847,-41.0284476,54.0892775,-40.8068569,54.3876057,-40.8010248
358,185782169,185782,53.9324522,-40.9204813,54.0858074,-41.0286487,53.7862035,-41.0337984,53.7796129,-40.8121529,54.0781217,-40.8070551
359,185782170,185782,53.6227124,-40.9253387,53.775589,-41.0338848,53.4758556,-41.0383151,53.4703584,-40.8166306,53.7690009,-40.8122437
360,185782171,185782,53.3201929,-41.3990872,53.4736893,-41.508208,53.1715414,-41.5118419,53.1672313,-41.2897993,53.4682915,-41.2861948
361,185782172,185782,53.007021,-41.4023276,53.1600191,-41.511818,52.8578184,-41.5147218,52.8545683,-41.2926705,53.1556724,-41.2897795
362,185782173,185782,52.6941091,-41.4049242,52.8465381,-41.5148244,52.5443295,-41.5169175,52.5422391,-41.2948688,52.8433503,-41.2927694
363,185782174,185782,53.3150129,-41.1642506,53.4679372,-41.273294,53.1669472,-41.2769342,53.1626201,-41.0550439,53.46252,-41.0514337
364,185782175,185782,53.0033213,-41.1677437,53.1556749,-41.2772234,52.8546272,-41.280018,52.8515256,-41.0581185,53.1514737,-41.0553316
365,185782176,185782,52.6914027,-41.1702151,52.8432475,-41.2800365,52.5421979,-41.2821485,52.5401278,-41.0602538,52.8400711,-41.0581368
366,185782177,185782,53.309993,-40.9302744,53.4623035,-41.039268,53.1624625,-41.0428445,53.1582306,-40.8211392,53.4569638,-40.8175814
367,185782178,185782,52.9992385,-40.9337153,53.1510444,-41.0430639,52.8511663,-41.0459453,52.8479807,-40.8242265,53.14677,-40.8213562
368,185782179,185782,52.6891508,-40.9361708,52.8404145,-41.0458909,52.5405271,-41.0480316,52.5384546,-40.8263148,52.837241,-40.8241737
369,185782180,185782,52.3796402,-41.4064945,52.5314588,-41.5168038,52.2292885,-41.5180694,52.228394,-41.2960372,52.5294594,-41.2947547
370,185782181,185782,52.0664858,-41.4072732,52.2176722,-41.5179836,51.9155928,-41.5184226,51.9158829,-41.2964199,52.2168665,-41.2959509
371,185782182,185782,51.753799,-41.4071008,51.9043392,-41.5181952,51.6023935,-41.5178274,51.6038531,-41.2958705,51.9047002,-41.2961964
372,185782183,185782,52.3783297,-41.1717759,52.5295301,-41.2820231,52.2285215,-41.28327,52.2277089,-41.0613926,52.527613,-41.0601277
373,185782184,185782,52.0661484,-41.1724481,52.2167327,-41.2830699,51.9158165,-41.2835446,51.9161392,-41.0616951,52.2159586,-41.0611919
374,185782185,185782,51.7548093,-41.1727131,51.9047907,-41.2836806,51.6040062,-41.2834231,51.6054065,-41.0616167,51.905099,-41.0618342
375,185782186,185782,52.376735,-40.9377538,52.5273729,-41.0478823,52.2275283,-41.0492005,52.2266748,-40.8274996,52.5254212,-40.8261663
376,185782187,185782,52.0660564,-40.9383874,52.2160203,-41.0489255,51.9162628,-41.049391,51.9166744,-40.82772,52.215335,-40.8272307
377,185782188,185782,51.7555787,-40.9384194,51.9049603,-41.049286,51.6053359,-41.04906,51.6067893,-40.8274369,51.9053186,-40.8276218
378,484329000,484329,51.5130302,-41.3992281,51.3035929,-41.3824794,51.5391276,-41.2420536,51.7227076,-41.415618,51.4868346,-41.5564316
379,484329001,484329,51.7576667,-41.2529231,51.5485144,-41.2365932,51.7831988,-41.0956994,51.9670469,-41.2688954,51.7320397,-41.4101834
380,484329002,484329,52.0002717,-41.1063428,51.7914075,-41.0905078,52.025116,-40.9490715,52.2093469,-41.1218219,51.9753261,-41.263656
381,484329003,484329,51.7075599,-41.5824337,51.4973409,-41.5659202,51.7333017,-41.425146,51.9180104,-41.598578,51.6817258,-41.7397348
382,484329004,484329,51.9524456,-41.4359346,51.7425167,-41.4198861,51.9775551,-41.2785912,52.1625901,-41.4516168,51.9272384,-41.5933033
383,484329005,484329,52.19572,-41.2886263,51.9860976,-41.2730756,52.2201402,-41.1312315,52.4055391,-41.3038119,52.1711949,-41.4460508
384,484329006,484329,51.9032571,-41.7659055,51.6922507,-41.7497322,51.9285103,-41.6085133,52.1144802,-41.7816991,51.8779024,-41.9233028
385,484329007,484329,52.148414,-41.6188371,51.9377215,-41.603076,52.173114,-41.4613899,52.3593084,-41.6342243,52.1236136,-41.7763015
386,484329008,484329,52.3920431,-41.4714933,52.1816686,-41.4562354,52.4160505,-41.3139868,52.6026041,-41.4863797,52.3679374,-41.6290176
387,484329009,484329,52.2445812,-40.9580908,52.0360518,-40.9425933,52.2689324,-40.8008089,52.4533057,-40.973229,52.2201294,-41.115423
388,484329010,484329,52.4857096,-40.8104087,52.2775062,-40.7953906,52.5093733,-40.653112,52.6940859,-40.8250735,52.4619422,-40.9677643
389,484329011,484329,52.7257132,-40.6624003,52.517873,-40.6477917,52.7487745,-40.5051154,52.9337154,-40.6766636,52.7025486,-40.8197604
390,484329012,484329,52.4395376,-41.1401922,52.2302469,-41.1250635,52.4633588,-40.9827722,52.6490032,-41.154955,52.415615,-41.2976544
391,484329013,484329,52.6805761,-40.9922815,52.4716372,-40.9776006,52.7037496,-40.8348468,52.889678,-41.0066005,52.6572987,-41.149768
392,484329014,484329,52.9210897,-40.8437029,52.7125238,-40.829448,52.9436408,-40.686268,53.129807,-40.8576069,52.8984336,-41.0011989
393,484329015,484329,52.6357751,-41.3226263,52.4257598,-41.3077339,52.659265,-41.1650981,52.8459584,-41.3371542,52.6121883,-41.4801885
394,484329016,484329,52.8778134,-41.1739915,52.6681561,-41.1595773,52.9006095,-41.016439,53.0876197,-41.1880398,52.8549154,-41.3315876
395,484329017,484329,53.1185327,-41.0249376,52.9092596,-41.0109628,53.1406845,-40.8673809,53.3279382,-41.0385519,53.0962812,-41.1825477
396,484329018,484329,52.9662821,-40.5132906,52.758803,-40.4992127,52.9885566,-40.3560116,53.1739083,-40.5270199,52.9439076,-40.6706526
397,484329019,484329,53.2042009,-40.3643742,52.9971085,-40.3507375,53.2257994,-40.2071269,53.4114185,-40.3776694,53.1824992,-40.5217106
398,484329020,484329,53.4409997,-40.2150165,53.2343242,-40.2017553,53.4619984,-40.0578218,53.6477894,-40.2279399,53.4199024,-40.3723106
399,484329021,484329,53.1625631,-40.6939346,52.9543766,-40.680161,53.184397,-40.53651,53.3708775,-40.7073556,53.1406313,-40.8514307
400,484329022,484329,53.4006513,-40.5445544,53.1928774,-40.5311649,53.421883,-40.387165,53.6085396,-40.5575987,53.3793182,-40.7020277
401,484329023,484329,53.637756,-40.3945256,53.4304077,-40.3815734,53.6583027,-40.2371764,53.8452059,-40.4071342,53.617106,-40.5519689
402,484329024,484329,53.3598624,-40.8747082,53.1509846,-40.8612651,53.3812358,-40.7171502,53.5688584,-40.8877968,53.3383872,-41.0323295
403,484329025,484329,53.5983461,-40.7247419,53.3898984,-40.7116614,53.6191386,-40.5672151,53.8068987,-40.7374677,53.5774471,-40.8823408
404,484329026,484329,53.8357088,-40.5743452,53.6276931,-40.5617511,53.8557553,-40.416851,54.0438123,-40.5865886,53.8155603,-40.7319247
405,484329027,484329,51.3582757,-42.3893004,51.1456658,-42.3719353,51.3850496,-42.2321221,51.5711401,-42.406277,51.3314026,-42.5464461
406,484329028,484329,51.6063305,-42.2436154,51.3939811,-42.2267501,51.6324796,-42.0863255,51.8189212,-42.2601021,51.580087,-42.4008867
407,484329029,484329,51.8533762,-42.0973564,51.6412996,-42.0809932,51.8788658,-41.9399673,52.0656754,-42.113339,51.8277861,-42.2547358
408,484329030,484329,51.5552964,-42.5730618,51.3418837,-42.5560244,51.5816258,-42.4158233,51.7689513,-42.5896995,51.5288675,-42.7302535
409,484329031,484329,51.8036725,-42.4271815,51.5905359,-42.4106171,51.829417,-42.2698343,52.0170384,-42.4433617,51.7778346,-42.5845002
410,484329032,484329,52.0510178,-42.2803519,51.8381776,-42.2642671,52.0761421,-42.1229018,52.2640719,-42.2960507,52.025799,-42.4377816
411,484329033,484329,51.7532763,-42.7567444,51.5390772,-42.7400075,51.7792234,-42.5994718,51.9677086,-42.7730815,51.7272363,-42.913966
412,484329034,484329,52.0020274,-42.610795,51.7881176,-42.5945193,52.0273917,-42.4534072,52.216151,-42.6266705,51.976568,-42.7681432
413,484329035,484329,52.2498838,-42.4635765,52.0362689,-42.4478686,52.2745054,-42.3060703,52.46369,-42.4788844,52.2251645,-42.6210552
414,484329036,484329,52.1010487,-41.9501488,51.8892731,-41.9342595,52.1259106,-41.792673,52.31303,-41.9656559,52.0760837,-42.107619
415,484329037,484329,52.3460803,-41.8026565,52.1346272,-41.7872074,52.3703487,-41.6451157,52.5577195,-41.8177243,52.3217116,-41.9602003
416,484329038,484329,52.5905768,-41.654342,52.3794665,-41.6393617,52.614199,-41.4967482,52.8018629,-41.6689461,52.5668535,-41.8119515
417,484329039,484329,52.29935,-42.1328259,52.0868138,-42.1172661,52.3237776,-41.9752785,52.5120744,-42.1479974,52.2748255,-42.2903595
418,484329040,484329,52.5448168,-41.9847471,52.3326189,-41.9696603,52.5686027,-41.8271227,52.7571905,-41.9994469,52.5209286,-42.1423613
419,484329041,484329,52.7887915,-41.8367175,52.5769546,-41.8220294,52.812027,-41.6790436,53.0007861,-41.8510216,52.7654543,-41.9943956
420,484329042,484329,52.4982758,-42.3154409,52.2850012,-42.3001766,52.5223184,-42.1578433,52.7117301,-42.3303096,52.4741317,-42.4730191
421,484329043,484329,52.7443701,-42.1670228,52.5314431,-42.1522669,52.7677302,-42.0093403,52.957462,-42.1813861,52.7209099,-42.324692
422,484329044,484329,52.9889648,-42.0182075,52.7764056,-42.003928,53.0116682,-41.8604579,53.2016701,-42.0320973,52.9661595,-42.1759495
423,484329045,484329,52.8351349,-41.5053193,52.62438,-41.4908383,52.8580591,-41.3476811,53.0460468,-41.5194294,52.8121086,-41.6629851
424,484329046,484329,53.077324,-41.3566691,52.8669545,-41.3425669,53.0996941,-41.1990116,53.2878331,-41.3703971,53.0548525,-41.5143618
425,484329047,484329,53.3180516,-41.2068458,53.1080801,-41.1932388,53.339707,-41.0491756,53.5281519,-41.2200916,53.2962982,-41.3645651
426,484329048,484329,53.0340536,-41.6866707,52.8225857,-41.6725258,53.0565303,-41.5289424,53.2456641,-41.7004355,53.0114782,-41.8444123
427,484329049,484329,53.2765752,-41.5373595,53.0655036,-41.5236368,53.2984408,-41.3796041,53.4877706,-41.5507051,53.2546057,-41.6951372
428,484329050,484329,53.5177866,-41.3872099,53.3071272,-41.3739476,53.5389779,-41.2294367,53.7285542,-41.4000968,53.4964953,-41.5450163
429,484329051,484329,53.234496,-41.8678483,53.0223274,-41.8540617,53.2565123,-41.7100482,53.4467949,-41.8812493,53.212382,-42.0256563
430,484329052,484329,53.4770985,-41.7180939,53.2653454,-41.7046881,53.4985559,-41.5602614,53.6889606,-41.7311143,53.4555364,-41.8759385
431,484329053,484329,53.7180429,-41.56788,53.5067132,-41.5549775,53.7387713,-41.4100195,53.9294685,-41.5804032,53.6972082,-41.7257584
432,484329054,484329,53.5587082,-41.0556878,53.349158,-41.0424607,53.5797747,-40.8980218,53.7683575,-41.0685472,53.5375367,-41.2134056
433,484329055,484329,53.7976724,-40.905596,53.5885608,-40.8928204,53.8180521,-40.7479487,54.006878,-40.918017,53.7771896,-41.0633067
434,484329056,484329,54.0355738,-40.7548806,53.8269187,-40.7424815,54.0553519,-40.5972694,54.2443032,-40.7669244,54.0156946,-40.9125644
435,484329057,484329,53.7588647,-41.2355608,53.5486528,-41.2226667,53.7794935,-41.0777948,53.9691713,-41.2480881,53.7381336,-41.3933713
436,484329058,484329,53.9978389,-41.0851176,53.7880715,-41.0726723,54.0177762,-40.927362,54.2076781,-41.0971926,53.9777955,-41.2429244
437,484329059,484329,54.2353982,-40.9338172,54.0261003,-40.9218005,54.2546644,-40.7760898,54.4447523,-40.94547,54.2160239,-41.0916072
438,484329060,484329,53.9598394,-41.4158313,53.7489666,-41.4033217,53.9799733,-41.2579734,54.1707903,-41.4279677,53.9396021,-41.5737246
439,484329061,484329,54.1993554,-41.2646338,53.9889479,-41.2525647,54.2188113,-41.1067823,54.4098208,-41.2763274,54.1797899,-41.4225304
440,484329062,484329,54.4367411,-41.112907,54.2268205,-41.1012627,54.4555313,-40.9550809,54.6467112,-41.1241842,54.4178486,-41.2707919
441,484329063,484329,54.273773,-40.6029875,54.0655878,-40.5910829,54.2927781,-40.4454184,54.4820205,-40.6145415,54.2546669,-40.760641
442,484329064,484329,54.5089662,-40.4514241,54.3012658,-40.439949,54.5272656,-40.2939148,54.7167073,-40.4625474,54.4905619,-40.6090273
443,484329065,484329,54.7429717,-40.2993149,54.5357852,-40.2881872,54.7606749,-40.1418892,54.9501822,-40.3100997,54.7251673,-40.4568469
444,484329066,484329,54.473473,-40.7814634,54.264663,-40.7699333,54.4919812,-40.623771,54.6823291,-40.792633,54.4548628,-40.9392262
445,484329067,484329,54.7094652,-40.6294072,54.501165,-40.6182117,54.727396,-40.4717781,54.9177886,-40.6402407,54.6914306,-40.7871131
446,484329068,484329,54.9435939,-40.477106,54.7358178,-40.4663216,54.9608409,-40.3195506,55.1513826,-40.4875431,54.9262453,-40.6347532
447,484329069,484329,54.6751495,-40.9598852,54.4657297,-40.9487113,54.6931959,-40.8020898,54.8845989,-40.9706914,54.6569981,-41.1177411
448,484329070,484329,54.910817,-40.8075125,54.7019202,-40.7967325,54.9282157,-40.6497716,55.1197304,-40.8179344,54.8933135,-40.9653233
449,484329071,484329,55.1449338,-40.6548655,54.9365792,-40.6444176,55.1617466,-40.497198,55.3532878,-40.6649548,55.1280188,-40.8126155
450,484329072,484329,51.9546078,-42.9416397,51.7396106,-42.925311,51.9800284,-42.7843358,52.1698221,-42.9575598,51.9290888,-43.0988886
451,484329073,484329,52.2035055,-42.7947778,51.9888092,-42.7789762,52.2282578,-42.6373376,52.4184041,-42.8101733,52.1786553,-42.9521607
452,484329074,484329,52.451505,-42.647197,52.2371393,-42.6318452,52.4756813,-42.4896504,52.6660544,-42.6621457,52.4272317,-42.8047002
453,484329075,484329,52.1555803,-43.1245473,51.939819,-43.1085645,52.1805837,-42.9672312,52.3715454,-43.1401192,52.1304815,-43.2817957
454,484329076,484329,52.4049495,-42.9773425,52.1895078,-42.9618388,52.4293433,-42.819897,52.6205774,-42.99243,52.3804602,-43.1347329
455,484329077,484329,52.6533894,-42.8296231,52.4382795,-42.814644,52.6771024,-42.6720529,52.8686607,-42.8441883,52.629573,-42.9871418
456,484329078,484329,52.3574277,-43.3072993,52.140913,-43.2916733,52.382007,-43.1499865,52.5741339,-43.3225084,52.3327531,-43.4645357
457,484329079,484329,52.607068,-43.1597912,52.390883,-43.1446974,52.6309698,-43.0023345,52.8234251,-43.1744674,52.583063,-43.3171758
458,484329080,484329,52.8562698,-43.0114798,52.6404449,-42.996841,52.8795913,-42.853903,53.0722475,-43.0257025,52.8328501,-43.1689931
459,484329081,484329,52.7003837,-42.4983972,52.4863643,-42.4835471,52.7239014,-42.3407461,52.9145724,-42.5128481,52.6767699,-42.6560122
460,484329082,484329,52.9459901,-42.3494724,52.7323409,-42.3350798,52.9688941,-42.1917389,53.159793,-42.3634685,52.9229885,-42.5071773
461,484329083,484329,53.1911716,-42.2004693,52.977902,-42.1865792,53.2133878,-42.042666,53.4045743,-42.2139659,53.1688598,-42.3582613
462,484329084,484329,52.9016931,-42.6801347,52.6869593,-42.6656019,52.9248302,-42.5224657,53.1165809,-42.694263,52.878457,-42.8377644
463,484329085,484329,53.1482554,-42.530742,52.9339006,-42.5167007,53.170732,-42.372981,53.362747,-42.544383,53.125679,-42.6884729
464,484329086,484329,53.3937286,-42.3811448,53.1797728,-42.367573,53.4155554,-42.2233079,53.6078023,-42.394315,53.3718011,-42.5389602
465,484329087,484329,53.1046637,-42.861585,52.8892169,-42.8474407,53.1273279,-42.7038981,53.3202445,-42.8753117,53.0818943,-43.0192175
466,484329088,484329,53.3515229,-42.7122025,53.1364745,-42.6985339,53.3735561,-42.5544227,53.5666911,-42.725461,53.3293922,-42.8699422
467,484329089,484329,53.597242,-42.561864,53.3826053,-42.5487233,53.6185516,-42.4039959,53.8119812,-42.5745978,53.5758309,-42.719695
468,484329090,484329,53.4366141,-42.0495369,53.2237607,-42.0360611,53.458244,-41.8916798,53.6495839,-42.0626209,53.4148879,-42.2073858
469,484329091,484329,53.6794326,-41.8994753,53.4670022,-41.8864656,53.7003933,-41.7415787,53.891963,-41.9120959,53.6583717,-42.0573773
470,484329092,484329,53.9210822,-41.749067,53.7090992,-41.7364618,53.941447,-41.5911467,54.1331441,-41.7612877,53.900616,-41.907001
471,484329093,484329,53.6387901,-42.2304064,53.4252631,-42.2172521,53.660025,-42.0725111,53.8524161,-42.2431591,53.6174466,-42.3882857
472,484329094,484329,53.8823186,-42.0795005,53.669224,-42.0668642,53.9028182,-41.921552,54.0954888,-42.0917388,53.8617115,-42.2374419
473,484329095,484329,54.1242012,-41.9287059,53.9115707,-41.9165029,54.1440697,-41.770726,54.3368984,-41.9405166,54.1042295,-42.086688
474,484329096,484329,53.8428269,-42.4107636,53.6286287,-42.3980637,53.8635155,-42.2528326,54.0571056,-42.4230571,53.8220348,-42.5686697
475,484329097,484329,54.0862551,-42.2591921,53.8725209,-42.2469249,54.1063199,-42.1012118,54.3000565,-42.2710577,54.0660829,-42.417155
476,484329098,484329,54.3283199,-42.107985,54.1150651,-42.0961234,54.3477913,-41.9499758,54.5416269,-42.1194542,54.308741,-42.2659938
477,484329099,484329,54.1630863,-41.5966509,53.9515616,-41.5845669,54.1826788,-41.4387134,54.374674,-41.6083545,54.14339,-41.7546126
478,484329100,484329,54.4023085,-41.4450277,54.1912699,-41.4333517,54.4212749,-41.2870957,54.6133951,-41.4563296,54.3832415,-41.6029954
479,484329101,484329,54.6404273,-41.2929747,54.4298897,-41.2817083,54.6587469,-41.1350601,54.8509954,-41.3038711,54.6220008,-41.4509335
480,484329102,484329,54.3667259,-41.776136,54.1545723,-41.7644274,54.3858628,-41.6181388,54.5789292,-41.7874561,54.3474911,-41.9341478
481,484329103,484329,54.6058598,-41.6234893,54.3942091,-41.6122029,54.6243477,-41.4654923,54.8175446,-41.6343932,54.5872706,-41.7815133
482,484329104,484329,54.8437492,-41.4712612,54.63261,-41.4603984,54.8615719,-41.3132722,55.0549004,-41.4817383,54.8258291,-41.6292795
483,484329105,484329,54.5706523,-41.9547189,54.3578891,-41.9433598,54.5893737,-41.7966827,54.7834501,-41.9656842,54.5518231,-42.1127631
484,484329106,484329,54.8103634,-41.8024504,54.5981142,-41.7915446,54.8283993,-41.6444045,55.0226351,-41.8129657,54.7922273,-41.960513
485,484329107,484329,55.0485414,-41.6493462,54.8368276,-41.6388128,55.0659796,-41.4913109,55.2602592,-41.659495,55.0309944,-41.8074049
486,484329108,484329,54.8796098,-41.1396957,54.669601,-41.1287631,54.8973688,-40.9818228,55.089631,-41.150258,54.8617455,-41.2976211
487,484329109,484329,55.1150043,-40.9866915,54.9055289,-40.976219,55.1320237,-40.8288609,55.3244802,-40.9967978,55.0978799,-41.1445849
488,484329110,484329,55.3496449,-40.8332089,55.1407219,-40.8231368,55.3659888,-40.6754396,55.5585516,-40.8429191,55.3331981,-40.9910474
489,484329111,484329,55.0831713,-41.317546,54.8725778,-41.3070502,55.1003939,-41.1595935,55.2937681,-41.3276684,55.0658486,-41.4755444
490,484329112,484329,55.3186863,-41.1643356,55.1086471,-41.1542302,55.3352637,-41.0064268,55.528714,-41.1740686,55.3020091,-41.3222962
491,484329113,484329,55.5534719,-41.0104251,55.3439984,-41.0007333,55.5693506,-40.8525712,55.7629149,-41.019748,55.5374861,-41.1683407
492,484329114,484329,55.2874739,-41.495064,55.0763191,-41.4848933,55.3043139,-41.3370546,55.4986185,-41.5048532,55.2705254,-41.6531044
493,484329115,484329,55.5234009,-41.3410112,55.3128083,-41.331317,55.5394836,-41.18304,55.7339675,-41.3503316,55.5072198,-41.4990333
494,484329116,484329,55.7580311,-41.1873335,55.5480255,-41.1779723,55.7735263,-41.0294132,55.9679937,-41.1963229,55.7424315,-41.3453051
495,484329117,484329,52.5620269,-43.4902997,52.3447602,-43.47508,52.5861245,-43.3330025,52.7794641,-43.5050901,52.5378344,-43.6475104
496,484329118,484329,52.8122813,-43.3425606,52.5953689,-43.3278353,52.8357617,-43.1851195,53.0293533,-43.3568611,52.7887072,-43.4999209
497,484329119,484329,53.0612774,-43.1936702,52.8447449,-43.1794092,53.0841677,-43.0361018,53.2779565,-43.2075123,53.0382903,-43.3511688
498,484329120,484329,52.7661328,-43.6721153,52.5481396,-43.6572814,52.7897957,-43.5148486,52.9842872,-43.686512,52.7423744,-43.8292833
499,484329121,484329,53.0170658,-43.5238685,52.7994429,-43.5095087,53.040139,-43.3664575,53.234834,-43.5377989,52.9938964,-43.6811913
500,484329122,484329,53.2661526,-43.3748969,53.0489153,-43.3610603,53.2885548,-43.2173462,53.4835179,-43.3883076,53.2436515,-43.532365
501,484329123,484329,52.9723284,-43.8532027,52.753628,-43.8387349,52.9955993,-43.6959884,53.1911803,-43.8672307,52.9489596,-44.0103158
502,484329124,484329,53.2233305,-43.7047895,53.0050054,-43.6908831,53.2458947,-43.5474159,53.441789,-43.718263,53.2006715,-43.8620698
503,484329125,484329,53.4727108,-43.5555842,53.2547862,-43.5421862,53.4946178,-43.3980679,53.6907472,-43.5685473,53.4507026,-43.7130128
504,484329126,484329,53.3106808,-43.0434356,53.0945446,-43.0295956,53.333014,-42.885757,53.5269354,-43.0568534,53.2882451,-43.201051
505,484329127,484329,53.557612,-42.8937119,53.3418813,-42.8804199,53.5792116,-42.7359288,53.7734464,-42.9065865,53.5359121,-43.0514438
506,484329128,484329,53.8029138,-42.7435608,53.5876234,-42.7307114,53.8239077,-42.585695,54.0182953,-42.7559963,53.781817,-42.9013834
507,484329129,484329,53.5163006,-43.2243931,53.2994824,-43.2109576,53.5381803,-43.0667343,53.7332251,-43.2374041,53.4943209,-43.3819843
508,484329130,484329,53.7633411,-43.0740206,53.5469486,-43.0611043,53.7845163,-42.9162476,53.9798235,-43.0865123,53.7420552,-43.2317267
509,484329131,484329,54.0090055,-42.9232798,53.7930672,-42.9107897,54.0296032,-42.7654228,54.2250177,-42.9353495,53.9883059,-43.0810858
510,484329132,484329,53.7224971,-43.4047387,53.5050043,-43.3917805,53.7438362,-43.2471029,53.9400825,-43.4172685,53.7010569,-43.562299
511,484329133,484329,53.9700888,-43.2539032,53.7530519,-43.2413523,53.9908818,-43.0961615,54.1872044,-43.2660246,53.9491968,-43.4115732
512,484329134,484329,54.2162368,-43.1026949,53.9996591,-43.0906884,54.2362886,-42.9448529,54.4328752,-43.1142766,54.1960851,-43.2604773
513,484329135,484329,54.0491559,-42.5915281,53.8343129,-42.5791987,54.0694268,-42.4335876,54.2640687,-42.6034509,54.0287838,-42.7494406
514,484329136,484329,54.2928055,-42.4402538,54.0784312,-42.4283874,54.312408,-42.2822556,54.5072293,-42.4517137,54.2730963,-42.5982314
515,484329137,484329,54.5349136,-42.2882294,54.3210351,-42.276806,54.5538711,-42.1301905,54.7488298,-42.2992505,54.5158556,-42.4462579
516,484329138,484329,54.2550044,-42.7709496,54.0395329,-42.7589926,54.2748656,-42.6130151,54.4705362,-42.7824984,54.235043,-42.92885
517,484329139,484329,54.4987566,-42.6190788,54.2837722,-42.6076117,54.5179158,-42.4610761,54.7137824,-42.6301355,54.4794916,-42.7770496
518,484329140,484329,54.7411031,-42.4664294,54.5266287,-42.455416,54.7596023,-42.3083831,54.9556057,-42.4770418,54.7225011,-42.6244576
519,484329141,484329,54.4624286,-42.9500072,54.2463374,-42.9384774,54.4818135,-42.7920858,54.6785659,-42.9611192,54.4429441,-43.1078842
520,484329142,484329,54.7062179,-42.7973443,54.4906311,-42.786296,54.7249175,-42.6393508,54.9218326,-42.8079778,54.68742,-42.9552986
521,484329143,484329,54.9487387,-42.6444658,54.7336773,-42.6338211,54.966839,-42.4864271,55.163808,-42.6546993,54.9305358,-42.8024767
522,484329144,484329,54.7771715,-42.134804,54.563802,-42.1238685,54.7954049,-41.9767325,54.9905635,-42.1453411,54.7588389,-42.2928722
523,484329145,484329,55.0171077,-41.9815014,54.804269,-41.9709908,55.0346857,-41.8234178,55.2299494,-41.9916144,54.9994278,-42.1395862
524,484329146,484329,55.2555668,-41.8281263,55.0432769,-41.8180654,55.272453,-41.6700489,55.4678475,-41.8377997,55.2385825,-41.9862257
525,484329147,484329,54.9836366,-42.3127202,54.7696893,-42.3021455,55.001473,-42.1546371,55.1975914,-42.3228894,54.9656972,-42.4707911
526,484329148,484329,55.2239626,-42.1589418,55.0105639,-42.1487867,55.2411537,-42.0008465,55.4373543,-42.1686995,55.2066636,-42.3170371
527,484329149,484329,55.4624208,-42.0055447,55.2495779,-41.9958793,55.4788585,-41.8474394,55.6752404,-42.0148158,55.4458775,-42.1636561
528,484329150,484329,55.1920088,-42.4905486,54.9774915,-42.4803842,55.2093967,-42.3324651,55.4065186,-42.5003025,55.1745203,-42.6486052
529,484329151,484329,55.4315939,-42.3364806,55.2176365,-42.3267869,55.4482684,-42.1783732,55.6455281,-42.3457726,55.4148143,-42.4945732
530,484329152,484329,55.670607,-42.1819561,55.4572308,-42.1726367,55.6866805,-42.0238438,55.8839395,-42.1908737,55.6544298,-42.34006
531,484329153,484329,55.4939981,-41.6731124,55.2822817,-41.6633796,55.5103259,-41.5150582,55.7056856,-41.6824584,55.4775682,-41.8311922
532,484329154,484329,55.7303654,-41.5183915,55.5192331,-41.509087,55.7459996,-41.3603705,55.9414557,-41.5273184,55.7146306,-41.6764522
533,484329155,484329,55.9650018,-41.3638691,55.7544708,-41.3549632,55.9799612,-41.2058907,56.1754774,-41.3724026,55.9499325,-41.5218885
534,484329156,484329,55.7014074,-41.8500667,55.4891592,-41.8407303,55.7172936,-41.6919828,55.913617,-41.8590142,55.6854141,-42.0081681
535,484329157,484329,55.9370602,-41.6952383,55.7254079,-41.6863042,55.9522804,-41.5371804,56.1486551,-41.703783,55.9217363,-41.8533192
536,484329158,484329,56.1721047,-41.5397933,55.961063,-41.5313281,56.186562,-41.3817762,56.3830708,-41.5478766,56.1575483,-41.6978491
537,484329159,484329,55.9091358,-42.0264972,55.69636,-42.0176492,55.9244711,-41.8683923,56.1218575,-42.0349523,55.8936985,-42.1846103
538,484329160,484329,56.1450565,-41.8709968,55.9328983,-41.8625458,56.1597316,-41.7129156,56.3571472,-41.8790576,56.1302752,-42.0290947
539,484329161,484329,56.380154,-41.7154358,56.168625,-41.7073737,56.3941694,-41.5573916,56.5915947,-41.7231103,56.3660356,-41.8735055
540,484329162,484329,53.9318791,-43.5853767,53.7137238,-43.5728958,53.952681,-43.4277781,54.1501102,-43.5974224,53.9109679,-43.7428829
541,484329163,484329,54.1788241,-43.434458,53.9611338,-43.4224598,54.1989849,-43.2767451,54.3965763,-43.4460202,54.1585631,-43.5920895
542,484329164,484329,54.4256132,-43.2829721,54.2084133,-43.2713746,54.4452305,-43.125166,54.6428591,-43.2941395,54.405893,-43.4407096
543,484329165,484329,54.140546,-43.7648493,53.9217609,-43.7527277,54.1610002,-43.6073198,54.3593924,-43.7765295,54.1199864,-43.9222839
544,484329166,484329,54.3885442,-43.6132093,54.170242,-43.6015667,54.4083612,-43.4555574,54.6068955,-43.6244126,54.3686247,-43.7707719
545,484329167,484329,54.6348271,-43.4610613,54.4170168,-43.449975,54.6538862,-43.303297,54.8526717,-43.4717173,54.6156655,-43.6187448
546,484329168,484329,54.3510751,-43.9432114,54.1316706,-43.9315462,54.3710584,-43.7857508,54.5705294,-43.9544287,54.3309869,-44.1005608
547,484329169,484329,54.5988898,-43.7914701,54.3799778,-43.7803016,54.6182092,-43.6338863,54.8178323,-43.802196,54.579469,-43.9489581
548,484329170,484329,54.8450924,-43.6394155,54.6266901,-43.6287505,54.8637235,-43.481718,55.0635072,-43.6496403,54.8263559,-43.7970275
549,484329171,484329,54.6716631,-43.1291351,54.4549655,-43.118016,54.6906083,-42.9712408,54.8883855,-43.1398272,54.652613,-43.2869719
550,484329172,484329,54.9158716,-42.9763585,54.6996952,-42.9657442,54.9341011,-42.8183872,55.1320628,-42.9865523,54.8975373,-43.134278
551,484329173,484329,55.1584595,-42.823049,54.9428221,-42.8128724,55.1760452,-42.6650251,55.3740895,-42.8328086,55.1407674,-42.9810338
552,484329174,484329,54.8814403,-43.3074199,54.6641535,-43.2967531,54.8999024,-43.1495684,55.0987368,-43.3176544,54.8628684,-43.4651993
553,484329175,484329,55.1253155,-43.154165,54.9085726,-43.1439182,55.1431841,-42.9962418,55.3420514,-43.1639893,55.1073423,-43.312034
554,484329176,484329,55.3682881,-43.0004391,55.1520967,-42.9907078,55.385409,-42.8424488,55.5844617,-43.009752,55.3510604,-43.1583809
555,484329177,484329,55.091594,-43.4847171,54.8737363,-43.474464,55.1096432,-43.3269237,55.3094447,-43.494529,55.073437,-43.6424277
556,484329178,484329,55.3358206,-43.3309635,55.1185175,-43.321222,55.3531535,-43.1730861,55.5531066,-43.3402779,55.3183873,-43.4887712
557,484329179,484329,55.5784037,-43.1771531,55.3616649,-43.167875,55.5950533,-43.019209,55.7950993,-43.1860048,55.561649,-43.3350392
558,484329180,484329,55.401192,-42.668614,55.1861184,-42.6588562,55.4181437,-42.5105506,55.6162419,-42.6779572,55.3841317,-42.8266482
559,484329181,484329,55.6416439,-42.5142752,55.4271512,-42.5049272,55.657969,-42.356184,55.8560984,-42.5232131,55.6252147,-42.6723456
560,484329182,484329,55.8806449,-42.3597453,55.6667483,-42.3508059,55.8963212,-42.2016431,56.0944885,-42.3682786,55.8648615,-42.517835
561,484329183,484329,55.6109896,-42.8456963,55.3953805,-42.8363481,55.6275267,-42.68766,55.8265626,-42.8546264,55.5943468,-43.0036867
562,484329184,484329,55.8518213,-42.6909187,55.6368048,-42.6820078,55.8676863,-42.532852,56.0667842,-42.6994179,55.8358461,-42.8489534
563,484329185,484329,56.0904128,-42.5357365,55.8760047,-42.527277,56.1055757,-42.3776496,56.3047509,-42.5437884,56.075142,-42.6937994
564,484329186,484329,55.8216017,-43.0217196,55.6054651,-43.0128469,55.8376355,-42.8637265,56.0376825,-43.0301657,55.8054595,-43.1796627
565,484329187,484329,56.0623157,-42.8667255,55.8467947,-42.8582232,56.0777754,-42.7086995,56.2777683,-42.8748102,56.0467486,-43.0247131
566,484329188,484329,56.3014552,-42.7111588,56.0865601,-42.703132,56.3161805,-42.5531056,56.5162681,-42.7187687,56.2866247,-42.8691791
