ObjID,H_r,GS,u-r,g-r,i-r,z-r,y-r
S100cuQfa,17.88,0.15,1.786,0.474,-0.119,-0.126,-0.131
S100cuQia,21.22,0.15,1.786,0.474,-0.119,-0.126,-0.131
S100cuQja,16.42,0.15,2.182,0.65,-0.2,-0.146,-0.151
S100cuQka,20.88,0.15,2.182,0.65,-0.2,-0.146,-0.151
S100cuQma,21.24,0.15,1.786,0.474,-0.119,-0.126,-0.131
S100cuQna,20.07,0.15,2.182,0.65,-0.2,-0.146,-0.151
S100cuQoa,18.75,0.15,2.182,0.65,-0.2,-0.146,-0.151
S100cuQpa,20.17,0.15,2.182,0.65,-0.2,-0.146,-0.151
S100cuQqa,17.09,0.15,1.786,0.474,-0.119,-0.126,-0.131
S100cuQra,20.38,0.15,1.786,0.474,-0.119,-0.126,-0.131
S100cuQta,18.12,0.15,1.786,0.474,-0.119,-0.126,-0.131
S100cuQua,20.31,0.15,1.786,0.474,-0.119,-0.126,-0.131
S100cuQwa,18.29,0.15,2.182,0.65,-0.2,-0.146,-0.151
S100cuQya,19.62,0.15,1.786,0.474,-0.119,-0.126,-0.131
S100cuQza,21.39,0.15,1.786,0.474,-0.119,-0.126,-0.131
S100cuQAa,17.68,0.15,2.182,0.65,-0.2,-0.146,-0.151
S100cuQBa,19.73,0.15,2.182,0.65,-0.2,-0.146,-0.151
S100cuQCa,19.52,0.15,2.182,0.65,-0.2,-0.146,-0.151
S100cuQFa,17.42,0.15,1.786,0.474,-0.119,-0.126,-0.131
S100cuQHa,18.63,0.15,2.182,0.65,-0.2,-0.146,-0.151
S100cuQJa,18.19,0.15,2.182,0.65,-0.2,-0.146,-0.151
S100cuQLa,16.5,0.15,2.182,0.65,-0.2,-0.146,-0.151
S100cuQMa,19.9,0.15,1.786,0.474,-0.119,-0.126,-0.131
S100cuQOa,18.41,0.15,2.182,0.65,-0.2,-0.146,-0.151
S100cuQPa,20.5,0.15,1.786,0.474,-0.119,-0.126,-0.131
S100cuQSa,17.15,0.15,2.182,0.65,-0.2,-0.146,-0.151
S100cuQTa,18.42,0.15,1.786,0.474,-0.119,-0.126,-0.131
S100cuQXa,17.9,0.15,2.182,0.65,-0.2,-0.146,-0.151
S100cuQYa,21.9,0.15,2.182,0.65,-0.2,-0.146,-0.151
S100cuR0a,17.64,0.15,1.786,0.474,-0.119,-0.126,-0.131
S100cuR2a,16.8,0.15,2.182,0.65,-0.2,-0.146,-0.151
S100cuR3a,17.7,0.15,2.182,0.65,-0.2,-0.146,-0.151
S100cuR5a,21.75,0.15,2.182,0.65,-0.2,-0.146,-0.151
S100cuR8a,20.37,0.15,2.182,0.65,-0.2,-0.146,-0.151
S100cuRaa,19.04,0.15,1.786,0.474,-0.119,-0.126,-0.131
S100cuRba,21.55,0.15,2.182,0.65,-0.2,-0.146,-0.151
S100cuRga,19.33,0.15,2.182,0.65,-0.2,-0.146,-0.151
S100cuRia,17.47,0.15,1.786,0.474,-0.119,-0.126,-0.131
S100cuRja,20.46,0.15,2.182,0.65,-0.2,-0.146,-0.151
S100cuRna,18.53,0.15,2.182,0.65,-0.2,-0.146,-0.151
S100cuRoa,18.45,0.15,1.786,0.474,-0.119,-0.126,-0.131
S100cuRpa,18.83,0.15,1.786,0.474,-0.119,-0.126,-0.131
S100cuRqa,17.97,0.15,2.182,0.65,-0.2,-0.146,-0.151
S100cuRra,20.13,0.15,1.786,0.474,-0.119,-0.126,-0.131
S100cuRta,17.44,0.15,1.786,0.474,-0.119,-0.126,-0.131
S100cuRua,16.69,0.15,2.182,0.65,-0.2,-0.146,-0.151
S100cuRva,21.44,0.15,2.182,0.65,-0.2,-0.146,-0.151
S100cuRwa,22.0,0.15,2.182,0.65,-0.2,-0.146,-0.151
S100cuRxa,22.47,0.15,2.182,0.65,-0.2,-0.146,-0.151
S100cuRza,16.98,0.15,2.182,0.65,-0.2,-0.146,-0.151
S100cuRAa,19.19,0.15,1.786,0.474,-0.119,-0.126,-0.131
S100cuRCa,19.84,0.15,2.182,0.65,-0.2,-0.146,-0.151
S100cuREa,18.4,0.15,2.182,0.65,-0.2,-0.146,-0.151
S100cuRHa,18.51,0.15,1.786,0.474,-0.119,-0.126,-0.131
S100cuRIa,23.21,0.15,1.786,0.474,-0.119,-0.126,-0.131
S100cuRJa,16.89,0.15,1.786,0.474,-0.119,-0.126,-0.131
S100cuRLa,18.25,0.15,1.786,0.474,-0.119,-0.126,-0.131
S100cuROa,18.47,0.15,1.786,0.474,-0.119,-0.126,-0.131
S100cuRPa,20.89,0.15,2.182,0.65,-0.2,-0.146,-0.151
S100cuRRa,21.76,0.15,2.182,0.65,-0.2,-0.146,-0.151
S100cuRSa,18.26,0.15,2.182,0.65,-0.2,-0.146,-0.151
S100cuRXa,19.8,0.15,1.786,0.474,-0.119,-0.126,-0.131
S100cuRYa,17.76,0.15,1.786,0.474,-0.119,-0.126,-0.131
S100cuRZa,18.74,0.15,2.182,0.65,-0.2,-0.146,-0.151
S100cuS0a,17.17,0.15,2.182,0.65,-0.2,-0.146,-0.151
S100cuS6a,20.19,0.15,2.182,0.65,-0.2,-0.146,-0.151
S100cuS7a,17.53,0.15,2.182,0.65,-0.2,-0.146,-0.151
S100cuS8a,18.33,0.15,1.786,0.474,-0.119,-0.126,-0.131
S100cuS9a,20.49,0.15,2.182,0.65,-0.2,-0.146,-0.151
S100cuSca,17.32,0.15,1.786,0.474,-0.119,-0.126,-0.131
S100cuSda,20.68,0.15,2.182,0.65,-0.2,-0.146,-0.151
S100cuSfa,21.43,0.15,1.786,0.474,-0.119,-0.126,-0.131
S100cuSha,19.06,0.15,1.786,0.474,-0.119,-0.126,-0.131
S100cuSja,20.19,0.15,1.786,0.474,-0.119,-0.126,-0.131
S100cuSka,18.59,0.15,1.786,0.474,-0.119,-0.126,-0.131
S100cuSla,19.19,0.15,1.786,0.474,-0.119,-0.126,-0.131
S100cuSna,18.43,0.15,1.786,0.474,-0.119,-0.126,-0.131
S100cuSpa,16.53,0.15,1.786,0.474,-0.119,-0.126,-0.131
S100cuSqa,18.85,0.15,2.182,0.65,-0.2,-0.146,-0.151
S100cuSra,19.53,0.15,2.182,0.65,-0.2,-0.146,-0.151
S100cuSsa,21.3,0.15,1.786,0.474,-0.119,-0.126,-0.131
S100cuSua,19.07,0.15,1.786,0.474,-0.119,-0.126,-0.131
S100cuSva,16.46,0.15,2.182,0.65,-0.2,-0.146,-0.151
S100cuSwa,17.52,0.15,1.786,0.474,-0.119,-0.126,-0.131
S100cuSxa,18.72,0.15,1.786,0.474,-0.119,-0.126,-0.131
S100cuSya,16.38,0.15,1.786,0.474,-0.119,-0.126,-0.131
S100cuSAa,17.91,0.15,1.786,0.474,-0.119,-0.126,-0.131
S100cuSBa,23.18,0.15,2.182,0.65,-0.2,-0.146,-0.151
S100cuSCa,18.61,0.15,2.182,0.65,-0.2,-0.146,-0.151
S100cuSGa,16.5,0.15,2.182,0.65,-0.2,-0.146,-0.151
S100cuSJa,21.68,0.15,1.786,0.474,-0.119,-0.126,-0.131
S100cuSLa,17.95,0.15,1.786,0.474,-0.119,-0.126,-0.131
S100cuSMa,20.73,0.15,1.786,0.474,-0.119,-0.126,-0.131
S100cuSOa,20.82,0.15,2.182,0.65,-0.2,-0.146,-0.151
S100cuSPa,19.69,0.15,2.182,0.65,-0.2,-0.146,-0.151
S100cuSQa,20.8,0.15,1.786,0.474,-0.119,-0.126,-0.131
S100cuSSa,19.97,0.15,1.786,0.474,-0.119,-0.126,-0.131
S100cuSWa,19.47,0.15,2.182,0.65,-0.2,-0.146,-0.151
S100cuT0a,18.51,0.15,2.182,0.65,-0.2,-0.146,-0.151
S100cuT1a,17.83,0.15,2.182,0.65,-0.2,-0.146,-0.151
S100cuT3a,21.3,0.15,2.182,0.65,-0.2,-0.146,-0.151
S100cuT4a,18.39,0.15,1.786,0.474,-0.119,-0.126,-0.131
S100cuT6a,19.08,0.15,1.786,0.474,-0.119,-0.126,-0.131
S100cuT8a,20.37,0.15,1.786,0.474,-0.119,-0.126,-0.131
S100cuTba,20.44,0.15,1.786,0.474,-0.119,-0.126,-0.131
S100cuTca,21.21,0.15,2.182,0.65,-0.2,-0.146,-0.151
S100cuTda,16.64,0.15,2.182,0.65,-0.2,-0.146,-0.151
S100cuTea,19.02,0.15,2.182,0.65,-0.2,-0.146,-0.151
S100cuTfa,16.7,0.15,2.182,0.65,-0.2,-0.146,-0.151
S100cuTia,21.87,0.15,2.182,0.65,-0.2,-0.146,-0.151
S100cuTla,18.99,0.15,2.182,0.65,-0.2,-0.146,-0.151
S100cuTna,18.25,0.15,1.786,0.474,-0.119,-0.126,-0.131
S100cuTpa,19.21,0.15,2.182,0.65,-0.2,-0.146,-0.151
S100cuTqa,16.33,0.15,1.786,0.474,-0.119,-0.126,-0.131
S100cuTra,23.3,0.15,2.182,0.65,-0.2,-0.146,-0.151
S100cuTsa,18.12,0.15,2.182,0.65,-0.2,-0.146,-0.151
S100cuTua,20.7,0.15,1.786,0.474,-0.119,-0.126,-0.131
S100cuTwa,19.23,0.15,1.786,0.474,-0.119,-0.126,-0.131
S100cuTxa,19.91,0.15,2.182,0.65,-0.2,-0.146,-0.151
S100cuTya,16.5,0.15,1.786,0.474,-0.119,-0.126,-0.131
S100cuTza,20.87,0.15,2.182,0.65,-0.2,-0.146,-0.151
S100cuTBa,19.32,0.15,1.786,0.474,-0.119,-0.126,-0.131
S100cuTCa,18.43,0.15,1.786,0.474,-0.119,-0.126,-0.131
S100cuTEa,17.14,0.15,1.786,0.474,-0.119,-0.126,-0.131
S100cuTFa,17.76,0.15,2.182,0.65,-0.2,-0.146,-0.151
S100cuTJa,17.45,0.15,1.786,0.474,-0.119,-0.126,-0.131
S100cuTLa,16.55,0.15,2.182,0.65,-0.2,-0.146,-0.151
S100cuTMa,19.03,0.15,1.786,0.474,-0.119,-0.126,-0.131
S100cuTOa,20.16,0.15,1.786,0.474,-0.119,-0.126,-0.131
S100cuTPa,21.71,0.15,2.182,0.65,-0.2,-0.146,-0.151
S100cuTQa,20.92,0.15,2.182,0.65,-0.2,-0.146,-0.151
S100cuTRa,21.17,0.15,2.182,0.65,-0.2,-0.146,-0.151
S100cuTTa,19.94,0.15,1.786,0.474,-0.119,-0.126,-0.131
S100cuTUa,16.97,0.15,1.786,0.474,-0.119,-0.126,-0.131
S100cuTWa,18.64,0.15,2.182,0.65,-0.2,-0.146,-0.151
S100cuTXa,18.99,0.15,2.182,0.65,-0.2,-0.146,-0.151
S100cuU0a,19.49,0.15,2.182,0.65,-0.2,-0.146,-0.151
S100cuU1a,16.76,0.15,2.182,0.65,-0.2,-0.146,-0.151
S100cuU2a,21.12,0.15,1.786,0.474,-0.119,-0.126,-0.131
S100cuU4a,21.37,0.15,2.182,0.65,-0.2,-0.146,-0.151
S100cuU6a,19.62,0.15,2.182,0.65,-0.2,-0.146,-0.151
S100cuU7a,21.26,0.15,2.182,0.65,-0.2,-0.146,-0.151
S100cuUaa,19.1,0.15,2.182,0.65,-0.2,-0.146,-0.151
S100cuUba,17.63,0.15,2.182,0.65,-0.2,-0.146,-0.151
S100cuUca,20.51,0.15,1.786,0.474,-0.119,-0.126,-0.131
S100cuUha,21.25,0.15,1.786,0.474,-0.119,-0.126,-0.131
S100cuUia,21.51,0.15,2.182,0.65,-0.2,-0.146,-0.151
S100cuUja,20.65,0.15,1.786,0.474,-0.119,-0.126,-0.131
S100cuUka,19.53,0.15,2.182,0.65,-0.2,-0.146,-0.151
S100cuUla,17.21,0.15,2.182,0.65,-0.2,-0.146,-0.151
S100cuUna,16.28,0.15,1.786,0.474,-0.119,-0.126,-0.131
S100cuUoa,18.38,0.15,1.786,0.474,-0.119,-0.126,-0.131
S100cuUsa,19.37,0.15,2.182,0.65,-0.2,-0.146,-0.151
S100cuUta,20.63,0.15,2.182,0.65,-0.2,-0.146,-0.151
S100cuUva,19.17,0.15,2.182,0.65,-0.2,-0.146,-0.151
S100cuUxa,22.46,0.15,1.786,0.474,-0.119,-0.126,-0.131
S100cuUya,16.67,0.15,2.182,0.65,-0.2,-0.146,-0.151
S100cuUza,17.51,0.15,2.182,0.65,-0.2,-0.146,-0.151
S100cuUFa,20.77,0.15,1.786,0.474,-0.119,-0.126,-0.131
S100cuUIa,16.34,0.15,2.182,0.65,-0.2,-0.146,-0.151
S100cuUKa,20.73,0.15,2.182,0.65,-0.2,-0.146,-0.151
S100cuULa,17.25,0.15,2.182,0.65,-0.2,-0.146,-0.151
S100cuUMa,19.86,0.15,1.786,0.474,-0.119,-0.126,-0.131
S100cuUPa,19.56,0.15,1.786,0.474,-0.119,-0.126,-0.131
S100cuUSa,19.36,0.15,1.786,0.474,-0.119,-0.126,-0.131
S100cuUVa,19.87,0.15,1.786,0.474,-0.119,-0.126,-0.131
S100cuUXa,22.08,0.15,2.182,0.65,-0.2,-0.146,-0.151
S100cuUYa,18.16,0.15,2.182,0.65,-0.2,-0.146,-0.151
S100cuUZa,19.52,0.15,1.786,0.474,-0.119,-0.126,-0.131
S100cuV0a,18.74,0.15,1.786,0.474,-0.119,-0.126,-0.131
S100cuV1a,19.16,0.15,1.786,0.474,-0.119,-0.126,-0.131
S100cuV2a,16.6,0.15,2.182,0.65,-0.2,-0.146,-0.151
S100cuV4a,20.0,0.15,1.786,0.474,-0.119,-0.126,-0.131
S100cuV9a,16.68,0.15,2.182,0.65,-0.2,-0.146,-0.151
S100cuVaa,17.32,0.15,1.786,0.474,-0.119,-0.126,-0.131
S100cuVba,18.07,0.15,2.182,0.65,-0.2,-0.146,-0.151
S100cuVca,21.23,0.15,2.182,0.65,-0.2,-0.146,-0.151
S100cuVea,17.37,0.15,1.786,0.474,-0.119,-0.126,-0.131
S100cuVfa,19.2,0.15,1.786,0.474,-0.119,-0.126,-0.131
S100cuVga,17.18,0.15,1.786,0.474,-0.119,-0.126,-0.131
S100cuVha,20.94,0.15,2.182,0.65,-0.2,-0.146,-0.151
S100cuVla,22.32,0.15,2.182,0.65,-0.2,-0.146,-0.151
S100cuVna,17.95,0.15,2.182,0.65,-0.2,-0.146,-0.151
S100cuVoa,17.46,0.15,2.182,0.65,-0.2,-0.146,-0.151
S100cuVta,22.02,0.15,2.182,0.65,-0.2,-0.146,-0.151
S100cuVva,17.78,0.15,1.786,0.474,-0.119,-0.126,-0.131
S100cuVwa,17.52,0.15,1.786,0.474,-0.119,-0.126,-0.131
S100cuVza,21.76,0.15,2.182,0.65,-0.2,-0.146,-0.151
S100cuVFa,19.6,0.15,2.182,0.65,-0.2,-0.146,-0.151
S100cuVGa,24.04,0.15,2.182,0.65,-0.2,-0.146,-0.151
S100cuVHa,17.1,0.15,2.182,0.65,-0.2,-0.146,-0.151
S100cuVJa,17.55,0.15,2.182,0.65,-0.2,-0.146,-0.151
S100cuVKa,20.81,0.15,2.182,0.65,-0.2,-0.146,-0.151
S100cuVLa,18.27,0.15,1.786,0.474,-0.119,-0.126,-0.131
S100cuVMa,17.94,0.15,2.182,0.65,-0.2,-0.146,-0.151
S100cuVRa,18.91,0.15,2.182,0.65,-0.2,-0.146,-0.151
S100cuVSa,16.85,0.15,2.182,0.65,-0.2,-0.146,-0.151
S100cuVTa,23.29,0.15,2.182,0.65,-0.2,-0.146,-0.151
S100cuVUa,18.16,0.15,2.182,0.65,-0.2,-0.146,-0.151
S100cuVVa,20.22,0.15,2.182,0.65,-0.2,-0.146,-0.151
S100cuVZa,22.59,0.15,1.786,0.474,-0.119,-0.126,-0.131
S100cuW0a,19.22,0.15,1.786,0.474,-0.119,-0.126,-0.131
S100cuW2a,18.57,0.15,2.182,0.65,-0.2,-0.146,-0.151
S100cuW4a,20.31,0.15,1.786,0.474,-0.119,-0.126,-0.131
S100cuW5a,17.3,0.15,1.786,0.474,-0.119,-0.126,-0.131
S100cuW6a,19.89,0.15,2.182,0.65,-0.2,-0.146,-0.151
S100cuW7a,20.29,0.15,2.182,0.65,-0.2,-0.146,-0.151
S100cuW8a,16.72,0.15,2.182,0.65,-0.2,-0.146,-0.151
S100cuWca,16.61,0.15,1.786,0.474,-0.119,-0.126,-0.131
S100cuWda,19.21,0.15,2.182,0.65,-0.2,-0.146,-0.151
S100cuWha,23.41,0.15,2.182,0.65,-0.2,-0.146,-0.151
S100cuWia,20.44,0.15,1.786,0.474,-0.119,-0.126,-0.131
S100cuWka,16.3,0.15,2.182,0.65,-0.2,-0.146,-0.151
S100cuWma,19.37,0.15,2.182,0.65,-0.2,-0.146,-0.151
S100cuWpa,17.5,0.15,1.786,0.474,-0.119,-0.126,-0.131
S100cuWqa,18.74,0.15,2.182,0.65,-0.2,-0.146,-0.151
S100cuWra,20.56,0.15,2.182,0.65,-0.2,-0.146,-0.151
S100cuWsa,16.92,0.15,1.786,0.474,-0.119,-0.126,-0.131
S100cuWwa,19.7,0.15,1.786,0.474,-0.119,-0.126,-0.131
S100cuWxa,16.5,0.15,2.182,0.65,-0.2,-0.146,-0.151
S100cuWya,16.54,0.15,1.786,0.474,-0.119,-0.126,-0.131
S100cuWBa,19.81,0.15,1.786,0.474,-0.119,-0.126,-0.131
S100cuWCa,18.36,0.15,2.182,0.65,-0.2,-0.146,-0.151
S100cuWDa,16.41,0.15,2.182,0.65,-0.2,-0.146,-0.151
S100cuWHa,18.82,0.15,1.786,0.474,-0.119,-0.126,-0.131
S100cuWIa,23.07,0.15,2.182,0.65,-0.2,-0.146,-0.151
S100cuWKa,16.57,0.15,2.182,0.65,-0.2,-0.146,-0.151
S100cuWLa,18.62,0.15,1.786,0.474,-0.119,-0.126,-0.131
S100cuWMa,21.09,0.15,2.182,0.65,-0.2,-0.146,-0.151
S100cuWNa,18.69,0.15,1.786,0.474,-0.119,-0.126,-0.131
S100cuWPa,20.36,0.15,2.182,0.65,-0.2,-0.146,-0.151
S100cuWSa,22.45,0.15,2.182,0.65,-0.2,-0.146,-0.151
S100cuWTa,16.56,0.15,1.786,0.474,-0.119,-0.126,-0.131
S100cuWVa,18.9,0.15,2.182,0.65,-0.2,-0.146,-0.151
S100cuWWa,17.29,0.15,2.182,0.65,-0.2,-0.146,-0.151
S100cuWXa,20.06,0.15,1.786,0.474,-0.119,-0.126,-0.131
S100cuX1a,22.88,0.15,2.182,0.65,-0.2,-0.146,-0.151
S100cuX3a,18.05,0.15,1.786,0.474,-0.119,-0.126,-0.131
S100cuX6a,20.68,0.15,1.786,0.474,-0.119,-0.126,-0.131
S100cuX7a,16.99,0.15,1.786,0.474,-0.119,-0.126,-0.131
S100cuX9a,18.15,0.15,2.182,0.65,-0.2,-0.146,-0.151
S100cuXaa,18.34,0.15,1.786,0.474,-0.119,-0.126,-0.131
S100cuXfa,17.8,0.15,1.786,0.474,-0.119,-0.126,-0.131
S100cuXga,19.9,0.15,2.182,0.65,-0.2,-0.146,-0.151
S100cuXla,20.8,0.15,1.786,0.474,-0.119,-0.126,-0.131
S100cuXma,19.34,0.15,1.786,0.474,-0.119,-0.126,-0.131
S100cuXoa,19.32,0.15,1.786,0.474,-0.119,-0.126,-0.131
S100cuXqa,18.4,0.15,2.182,0.65,-0.2,-0.146,-0.151
S100cuXua,17.31,0.15,1.786,0.474,-0.119,-0.126,-0.131
S100cuXya,16.63,0.15,2.182,0.65,-0.2,-0.146,-0.151
S100cuXza,17.19,0.15,2.182,0.65,-0.2,-0.146,-0.151
S100cuXCa,18.55,0.15,1.786,0.474,-0.119,-0.126,-0.131
S100cuXDa,21.76,0.15,1.786,0.474,-0.119,-0.126,-0.131
S100cuXEa,19.42,0.15,1.786,0.474,-0.119,-0.126,-0.131
S100cuXFa,16.37,0.15,2.182,0.65,-0.2,-0.146,-0.151
S100cuXGa,17.29,0.15,1.786,0.474,-0.119,-0.126,-0.131
S100cuXHa,20.79,0.15,1.786,0.474,-0.119,-0.126,-0.131
S100cuXKa,20.96,0.15,1.786,0.474,-0.119,-0.126,-0.131
S100cuXMa,20.52,0.15,2.182,0.65,-0.2,-0.146,-0.151
S100cuXOa,18.8,0.15,1.786,0.474,-0.119,-0.126,-0.131
S100cuXRa,20.26,0.15,2.182,0.65,-0.2,-0.146,-0.151
S100cuXSa,19.02,0.15,1.786,0.474,-0.119,-0.126,-0.131
S100cuXTa,20.22,0.15,2.182,0.65,-0.2,-0.146,-0.151
S100cuXWa,17.81,0.15,2.182,0.65,-0.2,-0.146,-0.151
S100cuXXa,16.43,0.15,1.786,0.474,-0.119,-0.126,-0.131
S100cuY0a,19.79,0.15,2.182,0.65,-0.2,-0.146,-0.151
S100cuY1a,16.41,0.15,2.182,0.65,-0.2,-0.146,-0.151
S100cuY5a,19.92,0.15,2.182,0.65,-0.2,-0.146,-0.151
S100cuY6a,21.84,0.15,2.182,0.65,-0.2,-0.146,-0.151
S100cuY7a,18.13,0.15,2.182,0.65,-0.2,-0.146,-0.151
S100cuY8a,19.54,0.15,2.182,0.65,-0.2,-0.146,-0.151
S100cuY9a,19.35,0.15,1.786,0.474,-0.119,-0.126,-0.131
S100cuYca,18.88,0.15,2.182,0.65,-0.2,-0.146,-0.151
S100cuYea,21.14,0.15,1.786,0.474,-0.119,-0.126,-0.131
S100cuYfa,22.66,0.15,2.182,0.65,-0.2,-0.146,-0.151
S100cuYga,20.3,0.15,2.182,0.65,-0.2,-0.146,-0.151
S100cuYia,21.61,0.15,2.182,0.65,-0.2,-0.146,-0.151
S100cuYka,18.83,0.15,2.182,0.65,-0.2,-0.146,-0.151
S100cuYma,20.82,0.15,2.182,0.65,-0.2,-0.146,-0.151
S100cuYna,18.82,0.15,1.786,0.474,-0.119,-0.126,-0.131
S100cuYpa,21.58,0.15,1.786,0.474,-0.119,-0.126,-0.131
S100cuYra,16.91,0.15,1.786,0.474,-0.119,-0.126,-0.131
S100cuYsa,19.12,0.15,2.182,0.65,-0.2,-0.146,-0.151
S100cuYua,20.3,0.15,2.182,0.65,-0.2,-0.146,-0.151
S100cuYva,16.41,0.15,1.786,0.474,-0.119,-0.126,-0.131
S100cuYwa,23.11,0.15,1.786,0.474,-0.119,-0.126,-0.131
S100cuYya,20.87,0.15,2.182,0.65,-0.2,-0.146,-0.151
S100cuYCa,16.57,0.15,2.182,0.65,-0.2,-0.146,-0.151
S100cuYEa,20.62,0.15,2.182,0.65,-0.2,-0.146,-0.151
S100cuYFa,18.34,0.15,1.786,0.474,-0.119,-0.126,-0.131
S100cuYGa,19.13,0.15,2.182,0.65,-0.2,-0.146,-0.151
S100cuYHa,22.87,0.15,1.786,0.474,-0.119,-0.126,-0.131
S100cuYIa,16.35,0.15,2.182,0.65,-0.2,-0.146,-0.151
S100cuYJa,22.2,0.15,2.182,0.65,-0.2,-0.146,-0.151
S100cuYLa,20.24,0.15,1.786,0.474,-0.119,-0.126,-0.131
S100cuYMa,20.69,0.15,2.182,0.65,-0.2,-0.146,-0.151
S100cuYNa,18.39,0.15,1.786,0.474,-0.119,-0.126,-0.131
S100cuYQa,20.59,0.15,1.786,0.474,-0.119,-0.126,-0.131
S100cuYRa,18.92,0.15,2.182,0.65,-0.2,-0.146,-0.151
S100cuYSa,17.6,0.15,2.182,0.65,-0.2,-0.146,-0.151
S100cuYYa,19.7,0.15,1.786,0.474,-0.119,-0.126,-0.131
S100cuZ0a,21.58,0.15,1.786,0.474,-0.119,-0.126,-0.131
S100cuZ1a,21.47,0.15,2.182,0.65,-0.2,-0.146,-0.151
S100cuZ3a,18.18,0.15,2.182,0.65,-0.2,-0.146,-0.151
S100cuZ4a,21.47,0.15,2.182,0.65,-0.2,-0.146,-0.151
S100cuZ6a,17.69,0.15,2.182,0.65,-0.2,-0.146,-0.151
S100cuZ7a,21.71,0.15,1.786,0.474,-0.119,-0.126,-0.131
S100cuZ8a,19.3,0.15,2.182,0.65,-0.2,-0.146,-0.151
S100cuZ9a,20.56,0.15,2.182,0.65,-0.2,-0.146,-0.151
S100cuZba,20.39,0.15,1.786,0.474,-0.119,-0.126,-0.131
S100cuZea,18.68,0.15,2.182,0.65,-0.2,-0.146,-0.151
S100cuZga,16.72,0.15,1.786,0.474,-0.119,-0.126,-0.131
S100cuZha,20.52,0.15,2.182,0.65,-0.2,-0.146,-0.151
S100cuZja,18.85,0.15,2.182,0.65,-0.2,-0.146,-0.151
S100cuZka,18.57,0.15,2.182,0.65,-0.2,-0.146,-0.151
S100cuZla,19.83,0.15,2.182,0.65,-0.2,-0.146,-0.151
S100cuZma,21.18,0.15,1.786,0.474,-0.119,-0.126,-0.131
S100cuZna,16.67,0.15,2.182,0.65,-0.2,-0.146,-0.151
S100cuZoa,18.91,0.15,2.182,0.65,-0.2,-0.146,-0.151
S100cuZqa,21.58,0.15,2.182,0.65,-0.2,-0.146,-0.151
S100cuZra,16.66,0.15,1.786,0.474,-0.119,-0.126,-0.131
S100cuZsa,16.82,0.15,1.786,0.474,-0.119,-0.126,-0.131
S100cuZta,18.88,0.15,2.182,0.65,-0.2,-0.146,-0.151
S100cuZua,18.95,0.15,2.182,0.65,-0.2,-0.146,-0.151
S100cuZva,17.38,0.15,1.786,0.474,-0.119,-0.126,-0.131
S100cuZwa,18.88,0.15,2.182,0.65,-0.2,-0.146,-0.151
S100cuZza,19.44,0.15,2.182,0.65,-0.2,-0.146,-0.151
S100cuZAa,19.79,0.15,2.182,0.65,-0.2,-0.146,-0.151
S100cuZBa,20.46,0.15,1.786,0.474,-0.119,-0.126,-0.131
S100cuZCa,17.08,0.15,1.786,0.474,-0.119,-0.126,-0.131
S100cuZDa,19.66,0.15,2.182,0.65,-0.2,-0.146,-0.151
S100cuZEa,16.32,0.15,1.786,0.474,-0.119,-0.126,-0.131
S100cuZFa,19.12,0.15,1.786,0.474,-0.119,-0.126,-0.131
S100cuZHa,19.67,0.15,2.182,0.65,-0.2,-0.146,-0.151
S100cuZIa,21.42,0.15,1.786,0.474,-0.119,-0.126,-0.131
S100cuZJa,18.89,0.15,2.182,0.65,-0.2,-0.146,-0.151
S100cuZKa,22.32,0.15,1.786,0.474,-0.119,-0.126,-0.131
S100cuZLa,22.28,0.15,2.182,0.65,-0.2,-0.146,-0.151
S100cuZMa,16.89,0.15,2.182,0.65,-0.2,-0.146,-0.151
S100cuZPa,20.27,0.15,1.786,0.474,-0.119,-0.126,-0.131
S100cuZQa,19.1,0.15,2.182,0.65,-0.2,-0.146,-0.151
S100cuZSa,23.0,0.15,2.182,0.65,-0.2,-0.146,-0.151
S100cuZTa,18.98,0.15,2.182,0.65,-0.2,-0.146,-0.151
S100cuZUa,19.79,0.15,2.182,0.65,-0.2,-0.146,-0.151
S100cuZVa,20.69,0.15,1.786,0.474,-0.119,-0.126,-0.131
S100cuZWa,21.49,0.15,2.182,0.65,-0.2,-0.146,-0.151
S100cuZYa,19.18,0.15,1.786,0.474,-0.119,-0.126,-0.131
S100cuZZa,16.85,0.15,2.182,0.65,-0.2,-0.146,-0.151
S100cv00a,17.2,0.15,1.786,0.474,-0.119,-0.126,-0.131
S100cv02a,17.21,0.15,1.786,0.474,-0.119,-0.126,-0.131
S100cv03a,20.34,0.15,2.182,0.65,-0.2,-0.146,-0.151
S100cv04a,19.22,0.15,2.182,0.65,-0.2,-0.146,-0.151
S100cv05a,17.43,0.15,1.786,0.474,-0.119,-0.126,-0.131
S100cv07a,17.6,0.15,2.182,0.65,-0.2,-0.146,-0.151
S100cv08a,20.57,0.15,2.182,0.65,-0.2,-0.146,-0.151
S100cv09a,17.63,0.15,1.786,0.474,-0.119,-0.126,-0.131
S100cv0ca,17.32,0.15,1.786,0.474,-0.119,-0.126,-0.131
S100cv0ja,19.27,0.15,1.786,0.474,-0.119,-0.126,-0.131
S100cv0ka,16.97,0.15,2.182,0.65,-0.2,-0.146,-0.151
S100cv0la,19.54,0.15,2.182,0.65,-0.2,-0.146,-0.151
S100cv0pa,19.5,0.15,1.786,0.474,-0.119,-0.126,-0.131
S100cv0qa,16.82,0.15,2.182,0.65,-0.2,-0.146,-0.151
S100cv0ra,21.71,0.15,2.182,0.65,-0.2,-0.146,-0.151
S100cv0ta,17.81,0.15,2.182,0.65,-0.2,-0.146,-0.151
S100cv0wa,19.34,0.15,2.182,0.65,-0.2,-0.146,-0.151
S100cv0xa,22.43,0.15,1.786,0.474,-0.119,-0.126,-0.131
S100cv0Aa,17.98,0.15,2.182,0.65,-0.2,-0.146,-0.151
S100cv0Ca,20.6,0.15,2.182,0.65,-0.2,-0.146,-0.151
S100cv0Ea,22.33,0.15,2.182,0.65,-0.2,-0.146,-0.151
S100cv0Fa,16.66,0.15,2.182,0.65,-0.2,-0.146,-0.151
S100cv0Ia,18.7,0.15,2.182,0.65,-0.2,-0.146,-0.151
S100cv0Ja,19.27,0.15,2.182,0.65,-0.2,-0.146,-0.151
S100cv0Ka,18.65,0.15,2.182,0.65,-0.2,-0.146,-0.151
S100cv0La,21.14,0.15,2.182,0.65,-0.2,-0.146,-0.151
S100cv0Ma,21.92,0.15,2.182,0.65,-0.2,-0.146,-0.151
S100cv0Na,18.82,0.15,1.786,0.474,-0.119,-0.126,-0.131
S100cv0Oa,18.23,0.15,2.182,0.65,-0.2,-0.146,-0.151
S100cv0Pa,18.18,0.15,2.182,0.65,-0.2,-0.146,-0.151
S100cv0Qa,20.5,0.15,1.786,0.474,-0.119,-0.126,-0.131
S100cv0Ra,22.41,0.15,2.182,0.65,-0.2,-0.146,-0.151
S100cv0Sa,22.19,0.15,2.182,0.65,-0.2,-0.146,-0.151
S100cv0Ua,21.08,0.15,1.786,0.474,-0.119,-0.126,-0.131
S100cv0Ya,20.34,0.15,2.182,0.65,-0.2,-0.146,-0.151
S100cv0Za,19.64,0.15,2.182,0.65,-0.2,-0.146,-0.151
S100cv11a,18.24,0.15,1.786,0.474,-0.119,-0.126,-0.131
S100cv12a,21.3,0.15,2.182,0.65,-0.2,-0.146,-0.151
S100cv13a,20.5,0.15,1.786,0.474,-0.119,-0.126,-0.131
S100cv14a,20.42,0.15,1.786,0.474,-0.119,-0.126,-0.131
S100cv16a,18.09,0.15,1.786,0.474,-0.119,-0.126,-0.131
S100cv19a,19.8,0.15,2.182,0.65,-0.2,-0.146,-0.151
S100cv1aa,18.5,0.15,2.182,0.65,-0.2,-0.146,-0.151
S100cv1ba,17.08,0.15,2.182,0.65,-0.2,-0.146,-0.151
S100cv1ca,16.86,0.15,2.182,0.65,-0.2,-0.146,-0.151
S100cv1ja,18.22,0.15,2.182,0.65,-0.2,-0.146,-0.151
S100cv1ka,19.27,0.15,1.786,0.474,-0.119,-0.126,-0.131
S100cv1ma,20.46,0.15,2.182,0.65,-0.2,-0.146,-0.151
S100cv1na,20.33,0.15,1.786,0.474,-0.119,-0.126,-0.131
S100cv1oa,21.31,0.15,2.182,0.65,-0.2,-0.146,-0.151
S100cv1pa,21.78,0.15,2.182,0.65,-0.2,-0.146,-0.151
S100cv1qa,20.07,0.15,2.182,0.65,-0.2,-0.146,-0.151
S100cv1sa,20.28,0.15,2.182,0.65,-0.2,-0.146,-0.151
S100cv1va,20.4,0.15,1.786,0.474,-0.119,-0.126,-0.131
S100cv1xa,22.64,0.15,2.182,0.65,-0.2,-0.146,-0.151
S100cv1ya,17.95,0.15,2.182,0.65,-0.2,-0.146,-0.151
S100cv1za,17.1,0.15,2.182,0.65,-0.2,-0.146,-0.151
S100cv1Ba,17.75,0.15,2.182,0.65,-0.2,-0.146,-0.151
S100cv1Ea,19.75,0.15,2.182,0.65,-0.2,-0.146,-0.151
S100cv1Fa,18.63,0.15,2.182,0.65,-0.2,-0.146,-0.151
S100cv1Ha,16.46,0.15,1.786,0.474,-0.119,-0.126,-0.131
S100cv1Ja,17.61,0.15,1.786,0.474,-0.119,-0.126,-0.131
S100cv1La,19.82,0.15,1.786,0.474,-0.119,-0.126,-0.131
S100cv1Ma,18.18,0.15,1.786,0.474,-0.119,-0.126,-0.131
S100cv1Pa,20.17,0.15,1.786,0.474,-0.119,-0.126,-0.131
S100cv1Qa,16.5,0.15,2.182,0.65,-0.2,-0.146,-0.151
S100cv1Ra,21.39,0.15,1.786,0.474,-0.119,-0.126,-0.131
S100cv1Ya,17.64,0.15,2.182,0.65,-0.2,-0.146,-0.151
S100cv20a,19.21,0.15,2.182,0.65,-0.2,-0.146,-0.151
S100cv21a,17.2,0.15,2.182,0.65,-0.2,-0.146,-0.151
S100cv23a,21.1,0.15,1.786,0.474,-0.119,-0.126,-0.131
S100cv24a,19.23,0.15,2.182,0.65,-0.2,-0.146,-0.151
S100cv25a,18.58,0.15,2.182,0.65,-0.2,-0.146,-0.151
S100cv28a,16.27,0.15,1.786,0.474,-0.119,-0.126,-0.131
S100cv2ba,16.9,0.15,2.182,0.65,-0.2,-0.146,-0.151
S100cv2da,17.02,0.15,2.182,0.65,-0.2,-0.146,-0.151
S100cv2fa,20.06,0.15,2.182,0.65,-0.2,-0.146,-0.151
S100cv2ga,19.01,0.15,2.182,0.65,-0.2,-0.146,-0.151
S100cv2ia,17.42,0.15,1.786,0.474,-0.119,-0.126,-0.131
S100cv2ja,22.03,0.15,2.182,0.65,-0.2,-0.146,-0.151
S100cv2la,17.14,0.15,2.182,0.65,-0.2,-0.146,-0.151
S100cv2ma,20.41,0.15,1.786,0.474,-0.119,-0.126,-0.131
S100cv2na,18.3,0.15,1.786,0.474,-0.119,-0.126,-0.131
S100cv2oa,18.48,0.15,2.182,0.65,-0.2,-0.146,-0.151
S100cv2pa,19.49,0.15,2.182,0.65,-0.2,-0.146,-0.151
S100cv2sa,17.07,0.15,1.786,0.474,-0.119,-0.126,-0.131
S100cv2ua,16.87,0.15,1.786,0.474,-0.119,-0.126,-0.131
S100cv2wa,18.29,0.15,1.786,0.474,-0.119,-0.126,-0.131
S100cv2xa,16.92,0.15,1.786,0.474,-0.119,-0.126,-0.131
S100cv2ya,23.89,0.15,1.786,0.474,-0.119,-0.126,-0.131
S100cv2za,18.28,0.15,1.786,0.474,-0.119,-0.126,-0.131
S100cv2Aa,18.65,0.15,1.786,0.474,-0.119,-0.126,-0.131
S100cv2Ea,16.3,0.15,2.182,0.65,-0.2,-0.146,-0.151
S100cv2Fa,16.98,0.15,1.786,0.474,-0.119,-0.126,-0.131
S100cv2Ga,20.54,0.15,1.786,0.474,-0.119,-0.126,-0.131
S100cv2Ha,16.86,0.15,1.786,0.474,-0.119,-0.126,-0.131
S100cv2Ia,20.64,0.15,2.182,0.65,-0.2,-0.146,-0.151
S100cv2Ja,18.61,0.15,2.182,0.65,-0.2,-0.146,-0.151
S100cv2Ma,19.65,0.15,2.182,0.65,-0.2,-0.146,-0.151
S100cv2Na,17.65,0.15,2.182,0.65,-0.2,-0.146,-0.151
S100cv2Oa,20.13,0.15,2.182,0.65,-0.2,-0.146,-0.151
S100cv2Qa,20.15,0.15,2.182,0.65,-0.2,-0.146,-0.151
S100cv2Sa,20.57,0.15,2.182,0.65,-0.2,-0.146,-0.151
S100cv2Ta,21.12,0.15,2.182,0.65,-0.2,-0.146,-0.151
S100cv2Ua,18.68,0.15,2.182,0.65,-0.2,-0.146,-0.151
S100cv2Wa,16.49,0.15,2.182,0.65,-0.2,-0.146,-0.151
S100cv33a,18.61,0.15,1.786,0.474,-0.119,-0.126,-0.131
S100cv34a,17.51,0.15,1.786,0.474,-0.119,-0.126,-0.131
S100cv38a,20.3,0.15,2.182,0.65,-0.2,-0.146,-0.151
S100cv3aa,17.71,0.15,2.182,0.65,-0.2,-0.146,-0.151
S100cv3ba,22.76,0.15,1.786,0.474,-0.119,-0.126,-0.131
S100cv3ca,19.21,0.15,2.182,0.65,-0.2,-0.146,-0.151
S100cv3da,21.47,0.15,2.182,0.65,-0.2,-0.146,-0.151
S100cv3fa,19.67,0.15,1.786,0.474,-0.119,-0.126,-0.131
S100cv3ha,16.26,0.15,1.786,0.474,-0.119,-0.126,-0.131
S100cv3ja,19.99,0.15,1.786,0.474,-0.119,-0.126,-0.131
S100cv3na,18.73,0.15,2.182,0.65,-0.2,-0.146,-0.151
S100cv3oa,21.87,0.15,2.182,0.65,-0.2,-0.146,-0.151
S100cv3pa,20.64,0.15,2.182,0.65,-0.2,-0.146,-0.151
S100cv3qa,23.4,0.15,2.182,0.65,-0.2,-0.146,-0.151
S100cv3ta,21.63,0.15,2.182,0.65,-0.2,-0.146,-0.151
S100cv3va,23.42,0.15,2.182,0.65,-0.2,-0.146,-0.151
S100cv3xa,17.26,0.15,2.182,0.65,-0.2,-0.146,-0.151
S100cv3ya,17.41,0.15,1.786,0.474,-0.119,-0.126,-0.131
S100cv3Ea,17.6,0.15,1.786,0.474,-0.119,-0.126,-0.131
S100cv3Ja,16.39,0.15,1.786,0.474,-0.119,-0.126,-0.131
S100cv3La,21.04,0.15,1.786,0.474,-0.119,-0.126,-0.131
S100cv3Na,19.68,0.15,1.786,0.474,-0.119,-0.126,-0.131
S100cv3Oa,18.6,0.15,2.182,0.65,-0.2,-0.146,-0.151
S100cv3Pa,17.18,0.15,2.182,0.65,-0.2,-0.146,-0.151
S100cv3Ra,20.09,0.15,2.182,0.65,-0.2,-0.146,-0.151
S100cv3Sa,16.71,0.15,2.182,0.65,-0.2,-0.146,-0.151
S100cv3Ta,19.03,0.15,2.182,0.65,-0.2,-0.146,-0.151
S100cv3Wa,16.83,0.15,2.182,0.65,-0.2,-0.146,-0.151
S100cv3Xa,16.95,0.15,2.182,0.65,-0.2,-0.146,-0.151
S100cv3Ya,16.27,0.15,2.182,0.65,-0.2,-0.146,-0.151
S100cv3Za,19.3,0.15,1.786,0.474,-0.119,-0.126,-0.131
S100cv40a,18.03,0.15,1.786,0.474,-0.119,-0.126,-0.131
S100cv41a,16.76,0.15,2.182,0.65,-0.2,-0.146,-0.151
S100cv42a,17.01,0.15,2.182,0.65,-0.2,-0.146,-0.151
S100cv43a,17.8,0.15,2.182,0.65,-0.2,-0.146,-0.151
S100cv44a,19.89,0.15,2.182,0.65,-0.2,-0.146,-0.151
S100cv45a,21.34,0.15,2.182,0.65,-0.2,-0.146,-0.151
S100cv46a,20.28,0.15,1.786,0.474,-0.119,-0.126,-0.131
S100cv48a,20.83,0.15,2.182,0.65,-0.2,-0.146,-0.151
S100cv4aa,20.12,0.15,2.182,0.65,-0.2,-0.146,-0.151
S100cv4ca,17.77,0.15,2.182,0.65,-0.2,-0.146,-0.151
S100cv4da,21.37,0.15,1.786,0.474,-0.119,-0.126,-0.131
S100cv4ga,19.75,0.15,1.786,0.474,-0.119,-0.126,-0.131
S100cv4ka,18.34,0.15,2.182,0.65,-0.2,-0.146,-0.151
S100cv4oa,20.66,0.15,2.182,0.65,-0.2,-0.146,-0.151
S100cv4qa,21.01,0.15,2.182,0.65,-0.2,-0.146,-0.151
S100cv4ra,19.92,0.15,2.182,0.65,-0.2,-0.146,-0.151
S100cv4ta,17.79,0.15,2.182,0.65,-0.2,-0.146,-0.151
S100cv4wa,19.05,0.15,2.182,0.65,-0.2,-0.146,-0.151
S100cv4ya,19.11,0.15,2.182,0.65,-0.2,-0.146,-0.151
S100cv4Aa,16.64,0.15,1.786,0.474,-0.119,-0.126,-0.131
S100cv4Ka,17.21,0.15,1.786,0.474,-0.119,-0.126,-0.131
S100cv4Na,19.88,0.15,2.182,0.65,-0.2,-0.146,-0.151
S100cv4Oa,21.07,0.15,2.182,0.65,-0.2,-0.146,-0.151
S100cv4Pa,20.17,0.15,2.182,0.65,-0.2,-0.146,-0.151
S100cv4Ra,17.31,0.15,1.786,0.474,-0.119,-0.126,-0.131
S100cv4Ta,17.34,0.15,1.786,0.474,-0.119,-0.126,-0.131
S100cv4Ua,19.66,0.15,1.786,0.474,-0.119,-0.126,-0.131
S100cv4Va,20.86,0.15,1.786,0.474,-0.119,-0.126,-0.131
S100cv4Wa,18.23,0.15,2.182,0.65,-0.2,-0.146,-0.151
S100cv4Za,19.28,0.15,2.182,0.65,-0.2,-0.146,-0.151
S100cv50a,18.05,0.15,1.786,0.474,-0.119,-0.126,-0.131
S100cv51a,16.26,0.15,2.182,0.65,-0.2,-0.146,-0.151
S100cv53a,22.88,0.15,2.182,0.65,-0.2,-0.146,-0.151
S100cv54a,17.3,0.15,1.786,0.474,-0.119,-0.126,-0.131
S100cv55a,16.57,0.15,1.786,0.474,-0.119,-0.126,-0.131
S100cv56a,16.59,0.15,2.182,0.65,-0.2,-0.146,-0.151
S100cv57a,20.71,0.15,2.182,0.65,-0.2,-0.146,-0.151
S100cv58a,19.39,0.15,1.786,0.474,-0.119,-0.126,-0.131
S100cv5aa,23.03,0.15,2.182,0.65,-0.2,-0.146,-0.151
S100cv5da,17.56,0.15,1.786,0.474,-0.119,-0.126,-0.131
S100cv5ga,21.01,0.15,1.786,0.474,-0.119,-0.126,-0.131
S100cv5ja,18.07,0.15,2.182,0.65,-0.2,-0.146,-0.151
S100cv5ka,16.83,0.15,1.786,0.474,-0.119,-0.126,-0.131
S100cv5na,19.16,0.15,1.786,0.474,-0.119,-0.126,-0.131
S100cv5pa,17.88,0.15,1.786,0.474,-0.119,-0.126,-0.131
S100cv5ra,21.44,0.15,2.182,0.65,-0.2,-0.146,-0.151
S100cv5va,16.62,0.15,2.182,0.65,-0.2,-0.146,-0.151
S100cv5wa,20.4,0.15,2.182,0.65,-0.2,-0.146,-0.151
S100cv5za,21.08,0.15,2.182,0.65,-0.2,-0.146,-0.151
S100cv5Aa,17.86,0.15,1.786,0.474,-0.119,-0.126,-0.131
S100cv5Ba,19.52,0.15,2.182,0.65,-0.2,-0.146,-0.151
S100cv5Ca,21.68,0.15,1.786,0.474,-0.119,-0.126,-0.131
S100cv5Da,18.66,0.15,1.786,0.474,-0.119,-0.126,-0.131
S100cv5Ha,19.61,0.15,1.786,0.474,-0.119,-0.126,-0.131
S100cv5Ia,20.44,0.15,2.182,0.65,-0.2,-0.146,-0.151
S100cv5La,17.14,0.15,1.786,0.474,-0.119,-0.126,-0.131
S100cv5Na,16.92,0.15,1.786,0.474,-0.119,-0.126,-0.131
S100cv5Oa,18.4,0.15,2.182,0.65,-0.2,-0.146,-0.151
S100cv5Pa,19.92,0.15,2.182,0.65,-0.2,-0.146,-0.151
S100cv5Qa,18.02,0.15,2.182,0.65,-0.2,-0.146,-0.151
S100cv5Sa,17.47,0.15,2.182,0.65,-0.2,-0.146,-0.151
S100cv5Ta,22.51,0.15,2.182,0.65,-0.2,-0.146,-0.151
S100cv5Ua,21.95,0.15,2.182,0.65,-0.2,-0.146,-0.151
S100cv5Wa,19.39,0.15,2.182,0.65,-0.2,-0.146,-0.151
S100cv5Xa,22.12,0.15,2.182,0.65,-0.2,-0.146,-0.151
S100cv5Ya,18.83,0.15,2.182,0.65,-0.2,-0.146,-0.151
S100cv61a,21.7,0.15,2.182,0.65,-0.2,-0.146,-0.151
S100cv63a,20.26,0.15,2.182,0.65,-0.2,-0.146,-0.151
S100cv64a,23.01,0.15,2.182,0.65,-0.2,-0.146,-0.151
S100cv65a,20.44,0.15,1.786,0.474,-0.119,-0.126,-0.131
S100cv66a,18.94,0.15,2.182,0.65,-0.2,-0.146,-0.151
S100cv68a,22.28,0.15,2.182,0.65,-0.2,-0.146,-0.151
S100cv6ba,21.54,0.15,1.786,0.474,-0.119,-0.126,-0.131
S100cv6ca,21.79,0.15,1.786,0.474,-0.119,-0.126,-0.131
S100cv6ea,17.26,0.15,2.182,0.65,-0.2,-0.146,-0.151
S100cv6fa,21.07,0.15,1.786,0.474,-0.119,-0.126,-0.131
S100cv6ha,21.52,0.15,2.182,0.65,-0.2,-0.146,-0.151
S100cv6ja,21.27,0.15,1.786,0.474,-0.119,-0.126,-0.131
S100cv6ka,19.05,0.15,2.182,0.65,-0.2,-0.146,-0.151
S100cv6la,19.29,0.15,2.182,0.65,-0.2,-0.146,-0.151
S100cv6ma,22.6,0.15,1.786,0.474,-0.119,-0.126,-0.131
S100cv6oa,17.04,0.15,1.786,0.474,-0.119,-0.126,-0.131
S100cv6ta,16.7,0.15,2.182,0.65,-0.2,-0.146,-0.151
S100cv6ua,16.54,0.15,2.182,0.65,-0.2,-0.146,-0.151
S100cv6va,17.39,0.15,2.182,0.65,-0.2,-0.146,-0.151
S100cv6xa,18.84,0.15,1.786,0.474,-0.119,-0.126,-0.131
S100cv6ya,19.43,0.15,1.786,0.474,-0.119,-0.126,-0.131
S100cv6za,18.42,0.15,2.182,0.65,-0.2,-0.146,-0.151
S100cv6Aa,21.11,0.15,2.182,0.65,-0.2,-0.146,-0.151
S100cv6Ea,17.83,0.15,1.786,0.474,-0.119,-0.126,-0.131
S100cv6Ga,17.93,0.15,1.786,0.474,-0.119,-0.126,-0.131
S100cv6Ha,17.16,0.15,2.182,0.65,-0.2,-0.146,-0.151
S100cv6Ja,20.16,0.15,2.182,0.65,-0.2,-0.146,-0.151
S100cv6Ka,22.18,0.15,2.182,0.65,-0.2,-0.146,-0.151
S100cv6Na,19.05,0.15,1.786,0.474,-0.119,-0.126,-0.131
S100cv6Oa,20.69,0.15,2.182,0.65,-0.2,-0.146,-0.151
S100cv6Pa,19.89,0.15,1.786,0.474,-0.119,-0.126,-0.131
S100cv6Sa,17.72,0.15,2.182,0.65,-0.2,-0.146,-0.151
S100cv6Ta,20.27,0.15,1.786,0.474,-0.119,-0.126,-0.131
S100cv6Ua,18.61,0.15,1.786,0.474,-0.119,-0.126,-0.131
S100cv6Va,17.36,0.15,2.182,0.65,-0.2,-0.146,-0.151
S100cv6Xa,20.61,0.15,2.182,0.65,-0.2,-0.146,-0.151
S100cv70a,19.51,0.15,2.182,0.65,-0.2,-0.146,-0.151
S100cv71a,17.0,0.15,2.182,0.65,-0.2,-0.146,-0.151
S100cv73a,19.97,0.15,2.182,0.65,-0.2,-0.146,-0.151
S100cv74a,18.92,0.15,2.182,0.65,-0.2,-0.146,-0.151
S100cv77a,19.86,0.15,2.182,0.65,-0.2,-0.146,-0.151
S100cv79a,17.13,0.15,2.182,0.65,-0.2,-0.146,-0.151
S100cv7aa,19.08,0.15,2.182,0.65,-0.2,-0.146,-0.151
S100cv7ba,18.0,0.15,2.182,0.65,-0.2,-0.146,-0.151
S100cv7ca,19.21,0.15,1.786,0.474,-0.119,-0.126,-0.131
S100cv7da,19.9,0.15,1.786,0.474,-0.119,-0.126,-0.131
S100cv7ea,18.66,0.15,1.786,0.474,-0.119,-0.126,-0.131
S100cv7ha,21.18,0.15,1.786,0.474,-0.119,-0.126,-0.131
S100cv7ka,19.36,0.15,1.786,0.474,-0.119,-0.126,-0.131
S100cv7ma,19.08,0.15,2.182,0.65,-0.2,-0.146,-0.151
S100cv7pa,16.8,0.15,1.786,0.474,-0.119,-0.126,-0.131
S100cv7qa,21.73,0.15,2.182,0.65,-0.2,-0.146,-0.151
S100cv7ra,20.78,0.15,2.182,0.65,-0.2,-0.146,-0.151
S100cv7ua,18.31,0.15,2.182,0.65,-0.2,-0.146,-0.151
S100cv7va,21.42,0.15,2.182,0.65,-0.2,-0.146,-0.151
S100cv7wa,22.38,0.15,2.182,0.65,-0.2,-0.146,-0.151
S100cv7ya,16.89,0.15,1.786,0.474,-0.119,-0.126,-0.131
S100cv7za,21.69,0.15,1.786,0.474,-0.119,-0.126,-0.131
S100cv7Aa,19.76,0.15,1.786,0.474,-0.119,-0.126,-0.131
S100cv7Ca,17.7,0.15,1.786,0.474,-0.119,-0.126,-0.131
S100cv7Da,19.56,0.15,2.182,0.65,-0.2,-0.146,-0.151
S100cv7Ea,19.36,0.15,2.182,0.65,-0.2,-0.146,-0.151
S100cv7Ga,20.79,0.15,2.182,0.65,-0.2,-0.146,-0.151
S100cv7Ha,18.62,0.15,2.182,0.65,-0.2,-0.146,-0.151
S100cv7Qa,19.98,0.15,1.786,0.474,-0.119,-0.126,-0.131
S100cv7Ra,22.8,0.15,1.786,0.474,-0.119,-0.126,-0.131
S100cv7Sa,16.61,0.15,2.182,0.65,-0.2,-0.146,-0.151
S100cv7Ta,16.73,0.15,2.182,0.65,-0.2,-0.146,-0.151
S100cv7Va,21.42,0.15,2.182,0.65,-0.2,-0.146,-0.151
S100cv7Xa,21.89,0.15,2.182,0.65,-0.2,-0.146,-0.151
S100cv7Za,17.88,0.15,2.182,0.65,-0.2,-0.146,-0.151
S100cv81a,18.98,0.15,1.786,0.474,-0.119,-0.126,-0.131
S100cv84a,19.93,0.15,1.786,0.474,-0.119,-0.126,-0.131
S100cv89a,19.49,0.15,2.182,0.65,-0.2,-0.146,-0.151
S100cv8aa,19.88,0.15,2.182,0.65,-0.2,-0.146,-0.151
S100cv8ba,16.7,0.15,2.182,0.65,-0.2,-0.146,-0.151
S100cv8ca,19.41,0.15,2.182,0.65,-0.2,-0.146,-0.151
S100cv8da,21.39,0.15,1.786,0.474,-0.119,-0.126,-0.131
S100cv8ea,20.3,0.15,2.182,0.65,-0.2,-0.146,-0.151
S100cv8fa,20.71,0.15,2.182,0.65,-0.2,-0.146,-0.151
S100cv8ja,21.95,0.15,2.182,0.65,-0.2,-0.146,-0.151
S100cv8ma,18.04,0.15,1.786,0.474,-0.119,-0.126,-0.131
S100cv8qa,16.88,0.15,2.182,0.65,-0.2,-0.146,-0.151
S100cv8ra,19.9,0.15,2.182,0.65,-0.2,-0.146,-0.151
S100cv8sa,17.94,0.15,2.182,0.65,-0.2,-0.146,-0.151
S100cv8va,16.72,0.15,2.182,0.65,-0.2,-0.146,-0.151
S100cv8ya,20.6,0.15,1.786,0.474,-0.119,-0.126,-0.131
S100cv8Aa,17.04,0.15,1.786,0.474,-0.119,-0.126,-0.131
S100cv8Ba,20.1,0.15,2.182,0.65,-0.2,-0.146,-0.151
S100cv8Ca,18.96,0.15,1.786,0.474,-0.119,-0.126,-0.131
S100cv8Ha,17.23,0.15,2.182,0.65,-0.2,-0.146,-0.151
S100cv8Ia,21.65,0.15,2.182,0.65,-0.2,-0.146,-0.151
S100cv8Ka,18.87,0.15,2.182,0.65,-0.2,-0.146,-0.151
S100cv8La,20.93,0.15,2.182,0.65,-0.2,-0.146,-0.151
S100cv8Ma,18.15,0.15,1.786,0.474,-0.119,-0.126,-0.131
S100cv8Na,16.93,0.15,2.182,0.65,-0.2,-0.146,-0.151
S100cv8Pa,18.82,0.15,1.786,0.474,-0.119,-0.126,-0.131
S100cv8Qa,19.36,0.15,1.786,0.474,-0.119,-0.126,-0.131
S100cv8Ra,21.45,0.15,2.182,0.65,-0.2,-0.146,-0.151
S100cv8Sa,24.26,0.15,1.786,0.474,-0.119,-0.126,-0.131
S100cv8Ta,17.43,0.15,1.786,0.474,-0.119,-0.126,-0.131
S100cv8Wa,20.76,0.15,1.786,0.474,-0.119,-0.126,-0.131
S100cv8Xa,20.87,0.15,1.786,0.474,-0.119,-0.126,-0.131
S100cv8Ya,21.12,0.15,2.182,0.65,-0.2,-0.146,-0.151
S100cv91a,20.26,0.15,2.182,0.65,-0.2,-0.146,-0.151
S100cv93a,16.43,0.15,2.182,0.65,-0.2,-0.146,-0.151
S100cv94a,18.1,0.15,1.786,0.474,-0.119,-0.126,-0.131
S100cv98a,18.24,0.15,1.786,0.474,-0.119,-0.126,-0.131
S100cv99a,18.1,0.15,1.786,0.474,-0.119,-0.126,-0.131
S100cv9aa,16.36,0.15,2.182,0.65,-0.2,-0.146,-0.151
S100cv9ba,21.1,0.15,1.786,0.474,-0.119,-0.126,-0.131
S100cv9fa,19.86,0.15,2.182,0.65,-0.2,-0.146,-0.151
S100cv9ga,22.92,0.15,2.182,0.65,-0.2,-0.146,-0.151
S100cv9ja,20.23,0.15,1.786,0.474,-0.119,-0.126,-0.131
S100cv9ka,19.18,0.15,1.786,0.474,-0.119,-0.126,-0.131
S100cv9ma,19.09,0.15,1.786,0.474,-0.119,-0.126,-0.131
S100cv9na,16.27,0.15,2.182,0.65,-0.2,-0.146,-0.151
S100cv9oa,20.16,0.15,2.182,0.65,-0.2,-0.146,-0.151
S100cv9ra,17.98,0.15,2.182,0.65,-0.2,-0.146,-0.151
S100cv9ta,20.21,0.15,2.182,0.65,-0.2,-0.146,-0.151
S100cv9va,21.22,0.15,2.182,0.65,-0.2,-0.146,-0.151
S100cv9wa,21.41,0.15,2.182,0.65,-0.2,-0.146,-0.151
S100cv9xa,18.47,0.15,2.182,0.65,-0.2,-0.146,-0.151
S100cv9ya,18.28,0.15,1.786,0.474,-0.119,-0.126,-0.131
S100cv9Ba,19.59,0.15,1.786,0.474,-0.119,-0.126,-0.131
S100cv9Ea,18.12,0.15,2.182,0.65,-0.2,-0.146,-0.151
S100cv9Ia,16.42,0.15,2.182,0.65,-0.2,-0.146,-0.151
S100cv9La,16.6,0.15,2.182,0.65,-0.2,-0.146,-0.151
S100cv9Na,16.87,0.15,2.182,0.65,-0.2,-0.146,-0.151
S100cv9Ta,21.07,0.15,2.182,0.65,-0.2,-0.146,-0.151
S100cv9Ua,17.44,0.15,1.786,0.474,-0.119,-0.126,-0.131
S100cv9Va,21.51,0.15,2.182,0.65,-0.2,-0.146,-0.151
S100cv9Xa,18.27,0.15,2.182,0.65,-0.2,-0.146,-0.151
S100cv9Za,19.88,0.15,1.786,0.474,-0.119,-0.126,-0.131
S100cva0a,16.28,0.15,2.182,0.65,-0.2,-0.146,-0.151
S100cva1a,18.24,0.15,2.182,0.65,-0.2,-0.146,-0.151
S100cva3a,17.4,0.15,2.182,0.65,-0.2,-0.146,-0.151
S100cva4a,20.27,0.15,2.182,0.65,-0.2,-0.146,-0.151
S100cva6a,20.93,0.15,2.182,0.65,-0.2,-0.146,-0.151
S100cva7a,17.19,0.15,1.786,0.474,-0.119,-0.126,-0.131
S100cva9a,17.6,0.15,1.786,0.474,-0.119,-0.126,-0.131
S100cvaba,16.72,0.15,1.786,0.474,-0.119,-0.126,-0.131
S100cvaca,17.11,0.15,2.182,0.65,-0.2,-0.146,-0.151
S100cvada,21.8,0.15,2.182,0.65,-0.2,-0.146,-0.151
S100cvaea,16.94,0.15,2.182,0.65,-0.2,-0.146,-0.151
S100cvaja,18.5,0.15,2.182,0.65,-0.2,-0.146,-0.151
S100cvara,16.83,0.15,1.786,0.474,-0.119,-0.126,-0.131
S100cvasa,21.28,0.15,2.182,0.65,-0.2,-0.146,-0.151
S100cvata,21.95,0.15,1.786,0.474,-0.119,-0.126,-0.131
S100cvaua,17.26,0.15,2.182,0.65,-0.2,-0.146,-0.151
S100cvava,16.86,0.15,2.182,0.65,-0.2,-0.146,-0.151
S100cvaxa,17.95,0.15,1.786,0.474,-0.119,-0.126,-0.131
S100cvaza,16.56,0.15,2.182,0.65,-0.2,-0.146,-0.151
S100cvaBa,18.94,0.15,2.182,0.65,-0.2,-0.146,-0.151
S100cvaCa,19.93,0.15,1.786,0.474,-0.119,-0.126,-0.131
S100cvaDa,16.71,0.15,1.786,0.474,-0.119,-0.126,-0.131
S100cvaEa,18.03,0.15,2.182,0.65,-0.2,-0.146,-0.151
S100cvaGa,22.21,0.15,2.182,0.65,-0.2,-0.146,-0.151
S100cvaHa,20.81,0.15,2.182,0.65,-0.2,-0.146,-0.151
S100cvaJa,21.61,0.15,1.786,0.474,-0.119,-0.126,-0.131
S100cvaKa,18.97,0.15,1.786,0.474,-0.119,-0.126,-0.131
S100cvaLa,16.98,0.15,1.786,0.474,-0.119,-0.126,-0.131
S100cvaMa,18.69,0.15,1.786,0.474,-0.119,-0.126,-0.131
S100cvaQa,19.43,0.15,2.182,0.65,-0.2,-0.146,-0.151
S100cvaWa,20.82,0.15,2.182,0.65,-0.2,-0.146,-0.151
S100cvaYa,18.24,0.15,1.786,0.474,-0.119,-0.126,-0.131
S100cvaZa,19.9,0.15,1.786,0.474,-0.119,-0.126,-0.131
S100cvb2a,19.5,0.15,1.786,0.474,-0.119,-0.126,-0.131
S100cvb4a,18.01,0.15,1.786,0.474,-0.119,-0.126,-0.131
S100cvb5a,17.95,0.15,1.786,0.474,-0.119,-0.126,-0.131
S100cvb7a,19.88,0.15,1.786,0.474,-0.119,-0.126,-0.131
S100cvbaa,20.2,0.15,2.182,0.65,-0.2,-0.146,-0.151
S100cvbba,21.29,0.15,2.182,0.65,-0.2,-0.146,-0.151
S100cvbca,20.13,0.15,1.786,0.474,-0.119,-0.126,-0.131
S100cvbfa,19.6,0.15,1.786,0.474,-0.119,-0.126,-0.131
S100cvbga,20.39,0.15,2.182,0.65,-0.2,-0.146,-0.151
S100cvbha,18.49,0.15,1.786,0.474,-0.119,-0.126,-0.131
S100cvbia,16.49,0.15,2.182,0.65,-0.2,-0.146,-0.151
S100cvbka,23.01,0.15,2.182,0.65,-0.2,-0.146,-0.151
S100cvbla,16.82,0.15,2.182,0.65,-0.2,-0.146,-0.151
S100cvbna,16.67,0.15,2.182,0.65,-0.2,-0.146,-0.151
S100cvboa,18.09,0.15,2.182,0.65,-0.2,-0.146,-0.151
S100cvbqa,18.83,0.15,2.182,0.65,-0.2,-0.146,-0.151
S100cvbua,21.09,0.15,2.182,0.65,-0.2,-0.146,-0.151
S100cvbva,19.4,0.15,1.786,0.474,-0.119,-0.126,-0.131
S100cvbBa,18.81,0.15,2.182,0.65,-0.2,-0.146,-0.151
S100cvbCa,17.82,0.15,2.182,0.65,-0.2,-0.146,-0.151
S100cvbDa,21.38,0.15,1.786,0.474,-0.119,-0.126,-0.131
S100cvbEa,17.59,0.15,2.182,0.65,-0.2,-0.146,-0.151
S100cvbGa,17.56,0.15,2.182,0.65,-0.2,-0.146,-0.151
S100cvbHa,17.66,0.15,2.182,0.65,-0.2,-0.146,-0.151
S100cvbIa,19.64,0.15,1.786,0.474,-0.119,-0.126,-0.131
S100cvbMa,20.22,0.15,1.786,0.474,-0.119,-0.126,-0.131
S100cvbOa,21.77,0.15,2.182,0.65,-0.2,-0.146,-0.151
S100cvbSa,20.89,0.15,1.786,0.474,-0.119,-0.126,-0.131
S100cvbTa,20.54,0.15,2.182,0.65,-0.2,-0.146,-0.151
S100cvbUa,18.42,0.15,1.786,0.474,-0.119,-0.126,-0.131
S100cvbVa,17.31,0.15,2.182,0.65,-0.2,-0.146,-0.151
S100cvbYa,18.5,0.15,1.786,0.474,-0.119,-0.126,-0.131
S100cvc0a,20.77,0.15,1.786,0.474,-0.119,-0.126,-0.131
S100cvc5a,20.49,0.15,1.786,0.474,-0.119,-0.126,-0.131
S100cvc7a,20.44,0.15,2.182,0.65,-0.2,-0.146,-0.151
S100cvc8a,17.9,0.15,2.182,0.65,-0.2,-0.146,-0.151
S100cvcca,16.94,0.15,2.182,0.65,-0.2,-0.146,-0.151
S100cvcea,22.57,0.15,1.786,0.474,-0.119,-0.126,-0.131
S100cvcga,23.33,0.15,2.182,0.65,-0.2,-0.146,-0.151
S100cvcha,19.39,0.15,2.182,0.65,-0.2,-0.146,-0.151
S100cvcka,20.58,0.15,2.182,0.65,-0.2,-0.146,-0.151
S100cvcla,19.71,0.15,1.786,0.474,-0.119,-0.126,-0.131
S100cvcoa,17.85,0.15,2.182,0.65,-0.2,-0.146,-0.151
S100cvcsa,16.62,0.15,2.182,0.65,-0.2,-0.146,-0.151
S100cvcua,18.96,0.15,1.786,0.474,-0.119,-0.126,-0.131
S100cvcya,18.13,0.15,2.182,0.65,-0.2,-0.146,-0.151
S100cvcza,16.76,0.15,1.786,0.474,-0.119,-0.126,-0.131
S100cvcBa,21.79,0.15,2.182,0.65,-0.2,-0.146,-0.151
S100cvcEa,16.67,0.15,1.786,0.474,-0.119,-0.126,-0.131
S100cvcFa,17.53,0.15,1.786,0.474,-0.119,-0.126,-0.131
S100cvcJa,18.26,0.15,2.182,0.65,-0.2,-0.146,-0.151
S100cvcKa,21.01,0.15,2.182,0.65,-0.2,-0.146,-0.151
S100cvcLa,19.99,0.15,1.786,0.474,-0.119,-0.126,-0.131
S100cvcNa,20.11,0.15,1.786,0.474,-0.119,-0.126,-0.131
S100cvcPa,18.13,0.15,1.786,0.474,-0.119,-0.126,-0.131
S100cvcQa,21.91,0.15,2.182,0.65,-0.2,-0.146,-0.151
S100cvcSa,18.27,0.15,2.182,0.65,-0.2,-0.146,-0.151
S100cvcUa,18.41,0.15,2.182,0.65,-0.2,-0.146,-0.151
S100cvcVa,16.94,0.15,1.786,0.474,-0.119,-0.126,-0.131
S100cvcWa,20.11,0.15,1.786,0.474,-0.119,-0.126,-0.131
S100cvcXa,20.52,0.15,2.182,0.65,-0.2,-0.146,-0.151
S100cvd2a,21.56,0.15,2.182,0.65,-0.2,-0.146,-0.151
S100cvd3a,20.36,0.15,1.786,0.474,-0.119,-0.126,-0.131
S100cvd5a,18.78,0.15,1.786,0.474,-0.119,-0.126,-0.131
S100cvd7a,21.73,0.15,1.786,0.474,-0.119,-0.126,-0.131
S100cvd8a,18.06,0.15,1.786,0.474,-0.119,-0.126,-0.131
S100cvd9a,20.16,0.15,2.182,0.65,-0.2,-0.146,-0.151
S100cvdba,19.24,0.15,2.182,0.65,-0.2,-0.146,-0.151
S100cvdda,18.38,0.15,2.182,0.65,-0.2,-0.146,-0.151
S100cvdga,19.35,0.15,2.182,0.65,-0.2,-0.146,-0.151
S100cvdha,20.0,0.15,1.786,0.474,-0.119,-0.126,-0.131
S100cvdia,17.51,0.15,1.786,0.474,-0.119,-0.126,-0.131
S100cvdja,17.84,0.15,2.182,0.65,-0.2,-0.146,-0.151
S100cvdma,18.79,0.15,2.182,0.65,-0.2,-0.146,-0.151
S100cvdna,18.03,0.15,2.182,0.65,-0.2,-0.146,-0.151
S100cvdoa,20.88,0.15,2.182,0.65,-0.2,-0.146,-0.151
S100cvdpa,16.49,0.15,2.182,0.65,-0.2,-0.146,-0.151
S100cvdqa,20.84,0.15,2.182,0.65,-0.2,-0.146,-0.151
S100cvdra,19.05,0.15,2.182,0.65,-0.2,-0.146,-0.151
S100cvdsa,18.15,0.15,2.182,0.65,-0.2,-0.146,-0.151
S100cvdta,19.69,0.15,2.182,0.65,-0.2,-0.146,-0.151
S100cvdva,16.76,0.15,2.182,0.65,-0.2,-0.146,-0.151
S100cvdwa,19.99,0.15,2.182,0.65,-0.2,-0.146,-0.151
S100cvdxa,16.34,0.15,2.182,0.65,-0.2,-0.146,-0.151
S100cvdya,21.98,0.15,1.786,0.474,-0.119,-0.126,-0.131
S100cvdza,17.11,0.15,2.182,0.65,-0.2,-0.146,-0.151
S100cvdAa,19.05,0.15,2.182,0.65,-0.2,-0.146,-0.151
S100cvdFa,21.77,0.15,2.182,0.65,-0.2,-0.146,-0.151
S100cvdHa,16.66,0.15,1.786,0.474,-0.119,-0.126,-0.131
S100cvdJa,21.28,0.15,1.786,0.474,-0.119,-0.126,-0.131
S100cvdOa,22.87,0.15,2.182,0.65,-0.2,-0.146,-0.151
S100cvdQa,16.89,0.15,1.786,0.474,-0.119,-0.126,-0.131
S100cvdRa,18.81,0.15,2.182,0.65,-0.2,-0.146,-0.151
S100cvdSa,17.51,0.15,1.786,0.474,-0.119,-0.126,-0.131
S100cvdTa,19.9,0.15,1.786,0.474,-0.119,-0.126,-0.131
S100cvdVa,21.6,0.15,2.182,0.65,-0.2,-0.146,-0.151
S100cvdWa,19.07,0.15,2.182,0.65,-0.2,-0.146,-0.151
S100cvdXa,19.42,0.15,2.182,0.65,-0.2,-0.146,-0.151
S100cvdZa,20.35,0.15,2.182,0.65,-0.2,-0.146,-0.151
S100cve0a,17.47,0.15,1.786,0.474,-0.119,-0.126,-0.131
S100cve3a,17.97,0.15,2.182,0.65,-0.2,-0.146,-0.151
S100cve4a,19.5,0.15,1.786,0.474,-0.119,-0.126,-0.131
S100cve5a,16.82,0.15,1.786,0.474,-0.119,-0.126,-0.131
S100cve6a,20.01,0.15,2.182,0.65,-0.2,-0.146,-0.151
S100cve7a,18.48,0.15,2.182,0.65,-0.2,-0.146,-0.151
S100cveca,17.07,0.15,1.786,0.474,-0.119,-0.126,-0.131
S100cveda,18.71,0.15,1.786,0.474,-0.119,-0.126,-0.131
S100cveea,18.99,0.15,1.786,0.474,-0.119,-0.126,-0.131
S100cvega,18.4,0.15,1.786,0.474,-0.119,-0.126,-0.131
S100cveha,16.81,0.15,2.182,0.65,-0.2,-0.146,-0.151
S100cvena,18.81,0.15,1.786,0.474,-0.119,-0.126,-0.131
S100cveqa,19.25,0.15,1.786,0.474,-0.119,-0.126,-0.131
S100cvera,16.74,0.15,1.786,0.474,-0.119,-0.126,-0.131
S100cvesa,21.89,0.15,2.182,0.65,-0.2,-0.146,-0.151
S100cveua,18.03,0.15,2.182,0.65,-0.2,-0.146,-0.151
S100cveza,17.19,0.15,1.786,0.474,-0.119,-0.126,-0.131
S100cveAa,22.43,0.15,2.182,0.65,-0.2,-0.146,-0.151
S100cveCa,22.0,0.15,2.182,0.65,-0.2,-0.146,-0.151
S100cveEa,16.33,0.15,2.182,0.65,-0.2,-0.146,-0.151
S100cveFa,20.77,0.15,1.786,0.474,-0.119,-0.126,-0.131
S100cveGa,19.96,0.15,2.182,0.65,-0.2,-0.146,-0.151
S100cveIa,18.76,0.15,1.786,0.474,-0.119,-0.126,-0.131
S100cveLa,17.09,0.15,1.786,0.474,-0.119,-0.126,-0.131
S100cveMa,20.62,0.15,1.786,0.474,-0.119,-0.126,-0.131
S100cveOa,19.59,0.15,2.182,0.65,-0.2,-0.146,-0.151
S100cveQa,19.39,0.15,2.182,0.65,-0.2,-0.146,-0.151
S100cveRa,19.56,0.15,2.182,0.65,-0.2,-0.146,-0.151
S100cveTa,16.92,0.15,1.786,0.474,-0.119,-0.126,-0.131
S100cveUa,20.25,0.15,2.182,0.65,-0.2,-0.146,-0.151
S100cveVa,21.53,0.15,1.786,0.474,-0.119,-0.126,-0.131
S100cveWa,20.68,0.15,1.786,0.474,-0.119,-0.126,-0.131
S100cveXa,19.35,0.15,2.182,0.65,-0.2,-0.146,-0.151
S100cveYa,17.39,0.15,2.182,0.65,-0.2,-0.146,-0.151
S100cvf0a,17.15,0.15,1.786,0.474,-0.119,-0.126,-0.131
S100cvf1a,20.44,0.15,2.182,0.65,-0.2,-0.146,-0.151
S100cvf4a,18.58,0.15,2.182,0.65,-0.2,-0.146,-0.151
S100cvf8a,17.24,0.15,2.182,0.65,-0.2,-0.146,-0.151
S100cvfca,18.27,0.15,1.786,0.474,-0.119,-0.126,-0.131
S100cvfea,18.52,0.15,2.182,0.65,-0.2,-0.146,-0.151
S100cvffa,21.9,0.15,2.182,0.65,-0.2,-0.146,-0.151
S100cvfga,20.05,0.15,2.182,0.65,-0.2,-0.146,-0.151
S100cvfja,21.8,0.15,2.182,0.65,-0.2,-0.146,-0.151
S100cvfma,17.39,0.15,2.182,0.65,-0.2,-0.146,-0.151
S100cvfna,18.47,0.15,2.182,0.65,-0.2,-0.146,-0.151
S100cvfoa,23.63,0.15,2.182,0.65,-0.2,-0.146,-0.151
S100cvfra,18.11,0.15,2.182,0.65,-0.2,-0.146,-0.151
S100cvfua,18.11,0.15,1.786,0.474,-0.119,-0.126,-0.131
S100cvfva,16.65,0.15,2.182,0.65,-0.2,-0.146,-0.151
S100cvfya,17.36,0.15,2.182,0.65,-0.2,-0.146,-0.151
S100cvfza,19.46,0.15,2.182,0.65,-0.2,-0.146,-0.151
S100cvfAa,18.34,0.15,2.182,0.65,-0.2,-0.146,-0.151
S100cvfEa,19.17,0.15,1.786,0.474,-0.119,-0.126,-0.131
S100cvfFa,17.87,0.15,1.786,0.474,-0.119,-0.126,-0.131
S100cvfGa,16.39,0.15,2.182,0.65,-0.2,-0.146,-0.151
S100cvfHa,16.59,0.15,2.182,0.65,-0.2,-0.146,-0.151
S100cvfLa,17.38,0.15,2.182,0.65,-0.2,-0.146,-0.151
S100cvfMa,20.21,0.15,2.182,0.65,-0.2,-0.146,-0.151
S100cvfNa,17.52,0.15,1.786,0.474,-0.119,-0.126,-0.131
S100cvfOa,21.76,0.15,2.182,0.65,-0.2,-0.146,-0.151
S100cvfPa,16.31,0.15,1.786,0.474,-0.119,-0.126,-0.131
S100cvfQa,18.99,0.15,2.182,0.65,-0.2,-0.146,-0.151
S100cvfVa,17.96,0.15,1.786,0.474,-0.119,-0.126,-0.131
S100cvfWa,20.45,0.15,2.182,0.65,-0.2,-0.146,-0.151
S100cvfXa,19.32,0.15,2.182,0.65,-0.2,-0.146,-0.151
S100cvg0a,16.45,0.15,1.786,0.474,-0.119,-0.126,-0.131
S100cvg1a,17.13,0.15,2.182,0.65,-0.2,-0.146,-0.151
S100cvg2a,17.55,0.15,1.786,0.474,-0.119,-0.126,-0.131
S100cvg3a,20.73,0.15,2.182,0.65,-0.2,-0.146,-0.151
S100cvg5a,20.47,0.15,2.182,0.65,-0.2,-0.146,-0.151
S100cvgba,18.05,0.15,1.786,0.474,-0.119,-0.126,-0.131
S100cvgga,18.14,0.15,2.182,0.65,-0.2,-0.146,-0.151
S100cvgia,21.21,0.15,2.182,0.65,-0.2,-0.146,-0.151
S100cvgja,19.68,0.15,2.182,0.65,-0.2,-0.146,-0.151
S100cvgla,17.7,0.15,1.786,0.474,-0.119,-0.126,-0.131
S100cvgna,21.15,0.15,1.786,0.474,-0.119,-0.126,-0.131
S100cvgpa,23.91,0.15,2.182,0.65,-0.2,-0.146,-0.151
S100cvgra,16.9,0.15,2.182,0.65,-0.2,-0.146,-0.151
S100cvgsa,17.26,0.15,2.182,0.65,-0.2,-0.146,-0.151
S100cvgua,20.33,0.15,1.786,0.474,-0.119,-0.126,-0.131
S100cvgva,18.72,0.15,1.786,0.474,-0.119,-0.126,-0.131
S100cvgwa,19.79,0.15,1.786,0.474,-0.119,-0.126,-0.131
S100cvgDa,18.94,0.15,1.786,0.474,-0.119,-0.126,-0.131
S100cvgFa,20.64,0.15,1.786,0.474,-0.119,-0.126,-0.131
S100cvgGa,18.0,0.15,2.182,0.65,-0.2,-0.146,-0.151
S100cvgHa,23.78,0.15,2.182,0.65,-0.2,-0.146,-0.151
S100cvgIa,19.76,0.15,1.786,0.474,-0.119,-0.126,-0.131
S100cvgLa,18.13,0.15,2.182,0.65,-0.2,-0.146,-0.151
S100cvgOa,20.16,0.15,1.786,0.474,-0.119,-0.126,-0.131
S100cvgUa,21.19,0.15,1.786,0.474,-0.119,-0.126,-0.131
S100cvgWa,19.23,0.15,1.786,0.474,-0.119,-0.126,-0.131
S100cvgZa,18.21,0.15,2.182,0.65,-0.2,-0.146,-0.151
S100cvh1a,19.2,0.15,1.786,0.474,-0.119,-0.126,-0.131
S100cvh2a,18.3,0.15,2.182,0.65,-0.2,-0.146,-0.151
S100cvh3a,16.95,0.15,1.786,0.474,-0.119,-0.126,-0.131
S100cvh4a,16.49,0.15,1.786,0.474,-0.119,-0.126,-0.131
S100cvh5a,21.91,0.15,2.182,0.65,-0.2,-0.146,-0.151
S100cvh7a,17.05,0.15,2.182,0.65,-0.2,-0.146,-0.151
S100cvh8a,20.24,0.15,1.786,0.474,-0.119,-0.126,-0.131
S100cvhca,17.56,0.15,1.786,0.474,-0.119,-0.126,-0.131
S100cvhda,16.27,0.15,2.182,0.65,-0.2,-0.146,-0.151
S100cvhfa,20.66,0.15,2.182,0.65,-0.2,-0.146,-0.151
S100cvhha,18.96,0.15,2.182,0.65,-0.2,-0.146,-0.151
S100cvhia,20.72,0.15,2.182,0.65,-0.2,-0.146,-0.151
S100cvhna,21.28,0.15,2.182,0.65,-0.2,-0.146,-0.151
S100cvhqa,20.12,0.15,1.786,0.474,-0.119,-0.126,-0.131
S100cvhra,16.86,0.15,1.786,0.474,-0.119,-0.126,-0.131
S100cvhua,20.64,0.15,2.182,0.65,-0.2,-0.146,-0.151
S100cvhBa,20.96,0.15,1.786,0.474,-0.119,-0.126,-0.131
S100cvhCa,16.7,0.15,2.182,0.65,-0.2,-0.146,-0.151
S100cvhDa,18.57,0.15,1.786,0.474,-0.119,-0.126,-0.131
S100cvhEa,18.63,0.15,1.786,0.474,-0.119,-0.126,-0.131
S100cvhIa,19.4,0.15,2.182,0.65,-0.2,-0.146,-0.151
S100cvhLa,17.09,0.15,2.182,0.65,-0.2,-0.146,-0.151
S100cvhOa,16.91,0.15,1.786,0.474,-0.119,-0.126,-0.131
S100cvhPa,22.13,0.15,2.182,0.65,-0.2,-0.146,-0.151
S100cvhYa,17.95,0.15,2.182,0.65,-0.2,-0.146,-0.151
S100cvi0a,18.27,0.15,2.182,0.65,-0.2,-0.146,-0.151
S100cvi4a,18.87,0.15,1.786,0.474,-0.119,-0.126,-0.131
S100cvi6a,16.82,0.15,2.182,0.65,-0.2,-0.146,-0.151
S100cvi8a,21.39,0.15,2.182,0.65,-0.2,-0.146,-0.151
S100cviba,19.64,0.15,1.786,0.474,-0.119,-0.126,-0.131
S100cvica,22.24,0.15,2.182,0.65,-0.2,-0.146,-0.151
S100cvida,20.53,0.15,2.182,0.65,-0.2,-0.146,-0.151
S100cviea,16.33,0.15,1.786,0.474,-0.119,-0.126,-0.131
S100cvifa,22.04,0.15,2.182,0.65,-0.2,-0.146,-0.151
S100cviga,17.27,0.15,1.786,0.474,-0.119,-0.126,-0.131
S100cviha,18.0,0.15,1.786,0.474,-0.119,-0.126,-0.131
S100cvija,19.33,0.15,2.182,0.65,-0.2,-0.146,-0.151
S100cvila,18.5,0.15,1.786,0.474,-0.119,-0.126,-0.131
S100cvima,16.64,0.15,2.182,0.65,-0.2,-0.146,-0.151
S100cvina,17.31,0.15,2.182,0.65,-0.2,-0.146,-0.151
S100cvipa,21.76,0.15,2.182,0.65,-0.2,-0.146,-0.151
S100cviqa,16.37,0.15,2.182,0.65,-0.2,-0.146,-0.151
S100cviva,17.78,0.15,2.182,0.65,-0.2,-0.146,-0.151
S100cvixa,20.05,0.15,1.786,0.474,-0.119,-0.126,-0.131
S100cviya,18.38,0.15,1.786,0.474,-0.119,-0.126,-0.131
S100cviza,17.58,0.15,2.182,0.65,-0.2,-0.146,-0.151
S100cviBa,17.61,0.15,1.786,0.474,-0.119,-0.126,-0.131
S100cviFa,17.59,0.15,2.182,0.65,-0.2,-0.146,-0.151
S100cviGa,17.51,0.15,1.786,0.474,-0.119,-0.126,-0.131
S100cviHa,19.6,0.15,1.786,0.474,-0.119,-0.126,-0.131
S100cviMa,19.98,0.15,2.182,0.65,-0.2,-0.146,-0.151
S100cviNa,22.56,0.15,1.786,0.474,-0.119,-0.126,-0.131
S100cviPa,20.57,0.15,2.182,0.65,-0.2,-0.146,-0.151
S100cviRa,16.94,0.15,2.182,0.65,-0.2,-0.146,-0.151
S100cviTa,22.71,0.15,2.182,0.65,-0.2,-0.146,-0.151
S100cviVa,21.65,0.15,1.786,0.474,-0.119,-0.126,-0.131
S100cviXa,21.37,0.15,2.182,0.65,-0.2,-0.146,-0.151
S100cviYa,20.28,0.15,2.182,0.65,-0.2,-0.146,-0.151
S100cvj1a,18.38,0.15,2.182,0.65,-0.2,-0.146,-0.151
S100cvj3a,21.78,0.15,2.182,0.65,-0.2,-0.146,-0.151
S100cvj4a,21.92,0.15,1.786,0.474,-0.119,-0.126,-0.131
S100cvj5a,20.65,0.15,1.786,0.474,-0.119,-0.126,-0.131
S100cvj6a,16.89,0.15,2.182,0.65,-0.2,-0.146,-0.151
S100cvjba,20.34,0.15,2.182,0.65,-0.2,-0.146,-0.151
S100cvjca,19.58,0.15,2.182,0.65,-0.2,-0.146,-0.151
S100cvjka,17.19,0.15,2.182,0.65,-0.2,-0.146,-0.151
S100cvjna,16.52,0.15,2.182,0.65,-0.2,-0.146,-0.151
S100cvjoa,18.7,0.15,1.786,0.474,-0.119,-0.126,-0.131
S100cvjra,19.56,0.15,2.182,0.65,-0.2,-0.146,-0.151
S100cvjsa,17.65,0.15,2.182,0.65,-0.2,-0.146,-0.151
S100cvjya,18.29,0.15,2.182,0.65,-0.2,-0.146,-0.151
S100cvjza,16.85,0.15,2.182,0.65,-0.2,-0.146,-0.151
S100cvjAa,18.06,0.15,1.786,0.474,-0.119,-0.126,-0.131
S100cvjBa,17.3,0.15,2.182,0.65,-0.2,-0.146,-0.151
S100cvjCa,20.2,0.15,1.786,0.474,-0.119,-0.126,-0.131
S100cvjDa,20.36,0.15,1.786,0.474,-0.119,-0.126,-0.131
S100cvjIa,19.08,0.15,1.786,0.474,-0.119,-0.126,-0.131
S100cvjJa,20.15,0.15,1.786,0.474,-0.119,-0.126,-0.131
S100cvjLa,18.73,0.15,1.786,0.474,-0.119,-0.126,-0.131
S100cvjMa,20.58,0.15,1.786,0.474,-0.119,-0.126,-0.131
S100cvjNa,19.48,0.15,1.786,0.474,-0.119,-0.126,-0.131
S100cvjOa,17.72,0.15,2.182,0.65,-0.2,-0.146,-0.151
S100cvjPa,19.96,0.15,2.182,0.65,-0.2,-0.146,-0.151
S100cvjQa,17.54,0.15,2.182,0.65,-0.2,-0.146,-0.151
S100cvjTa,22.18,0.15,2.182,0.65,-0.2,-0.146,-0.151
S100cvjVa,16.38,0.15,2.182,0.65,-0.2,-0.146,-0.151
S100cvjYa,18.81,0.15,2.182,0.65,-0.2,-0.146,-0.151
S100cvjZa,22.38,0.15,2.182,0.65,-0.2,-0.146,-0.151
S100cvk0a,21.55,0.15,2.182,0.65,-0.2,-0.146,-0.151
S100cvk1a,19.99,0.15,1.786,0.474,-0.119,-0.126,-0.131
S100cvk3a,21.75,0.15,2.182,0.65,-0.2,-0.146,-0.151
